Planet,Distance
HD 25171 b,56.05
Kepler-1540 b,262.00
Kepler-1026 b,389.00
Kepler-1118 b,818.00
Kepler-449 b,
K2-86 b,
HAT-P-13 c,214.00
HAT-P-13 b,214.00
Kepler-1394 b,820.00
Kepler-568 b,126.00
DENIS-P J082303.1-491201 b,20.77
GJ 328 b,20.03
Kepler-944 b,1035.00
Kepler-848 b,797.00
Kepler-958 b,467.00
Kepler-1038 b,622.00
HD 49674 b,40.73
Kepler-608 b,926.00
HIP 107773 b,103.63
GJ 667 C c,6.80
GJ 667 C b,6.80
GJ 667 C e,6.80
HD 176986 c,26.40
GJ 667 C g,6.80
GJ 667 C f,6.80
Kepler-560 b,88.00
Kepler-449 c,
Kepler-1533 b,852.00
Kepler-364 c,
Kepler-256 c,
Kepler-228 d,
Kepler-228 b,
Kepler-228 c,
PSR J1719-1438 b,1200.00
K2-11 b,
Kepler-1335 b,628.00
WASP-67 b,225.00
GJ 433 b,9.04
Kepler-1411 b,1431.00
Kepler-314 c,
OGLE-2016-BLG-1190L b,6770.00
Kepler-1631 b,1190.00
K2-179 b,
Kepler-265 c,
HD 96063 b,132.80
Kepler-19 b,2119.00
Kepler-1280 b,1006.00
Kepler-857 b,1039.00
Kepler-831 b,577.00
GJ 581 c,6.27
GJ 581 b,6.27
Kepler-533 b,305.00
GJ 581 e,6.27
7 CMa b,19.84
Kepler-1157 b,346.00
K2-122 b,74.00
HD 31253 b,53.82
Kepler-31 d,2100.00
Kepler-1549 b,792.00
Kepler-354 b,
Kepler-354 c,
Kepler-31 c,2100.00
Kepler-31 b,2100.00
NN Ser c,500.00
Kepler-730 b,1455.00
Kepler-1450 b,490.00
HD 10180 f,39.02
HD 10180 g,39.02
HD 10180 d,39.02
HD 10180 e,39.02
Kepler-1231 b,948.00
HD 10180 c,39.02
OGLE-2012-BLG-0406L b,4970.00
Kepler-399 d,
Kepler-1284 b,852.00
HD 116029 b,110.62
HD 10180 h,39.02
K2-192 b,
Kepler-133 c,
Kepler-1197 b,505.00
Kepler-1385 b,527.00
K2-167 b,78.12
K2-233 b,69.00
K2-233 c,69.00
K2-233 d,69.00
HD 285968 b,9.42
K2-59 c,
K2-59 b,
Kepler-1596 b,1166.00
47 UMa d,14.08
Kepler-1308 b,73.00
47 UMa b,14.08
47 UMa c,14.08
HD 142 c,25.64
HD 142 b,25.64
K2-24 c,
K2-24 b,
HAT-P-52 b,385.00
HIP 67851 c,65.96
HIP 67851 b,65.96
HATS-14 b,513.00
Kepler-655 b,783.00
HIP 14810 d,52.88
Kepler-559 b,793.00
Kepler-474 b,568.00
Kepler-838 b,1210.00
YZ Cet c,3.60
Kepler-887 b,831.00
Kepler-294 c,
Kepler-294 b,
Kepler-1190 b,384.00
RR Cae b,
6 Lyn b,56.95
Kepler-694 b,1023.00
HD 210277 b,21.29
Kepler-1248 b,540.00
HD 126614 b,68.35
Kepler-939 b,1029.00
Kepler-1463 b,1341.00
WASP-32 b,
Kepler-1015 b,932.00
HD 176986 b,26.40
XO-6 b,232.72
Kepler-750 b,1181.00
Kepler-481 b,713.00
K2-195 b,
HD 30177 b,54.71
HD 30177 c,54.71
Kepler-1291 b,982.00
Kepler-165 c,
HD 68988 b,58.82
Kepler-825 b,820.00
K2-225 b,
Kepler-1471 b,1059.00
MOA-2010-BLG-073L b,2800.00
Kepler-1174 b,829.00
Kepler-465 b,587.00
HD 177830 c,59.03
HD 177830 b,59.03
Kepler-603 d,967.00
Kepler-184 d,
Kepler-1310 b,583.00
HD 219415 b,169.78
Kepler-1476 b,1218.00
Kepler-937 c,1482.00
Kepler-937 b,1482.00
WASP-167 b,381.00
K2-64 b,
HD 231701 b,108.46
Kepler-74 b,1330.00
24 Boo b,97.75
Kepler-1270 b,1204.00
HD 86226 b,42.48
HD 156668 b,24.05
Kepler-380 c,
Kepler-380 b,
Kepler-812 b,1482.00
HAT-P-32 b,283.00
Kepler-364 b,
Kepler-552 b,834.00
Kepler-81 b,
Kepler-81 c,
Kepler-81 d,
WASP-81 b,
Kepler-388 c,
Kepler-974 b,121.00
MOA-2007-BLG-400L b,5800.00
WASP-131 b,250.00
Kepler-732 c,150.00
Kepler-65 d,
Kepler-1052 b,1051.00
Kepler-272 c,
Kepler-272 b,
K2-80  d,
Kepler-1353 b,596.00
Kepler-1247 b,1094.00
Kepler-826 b,649.00
HATS-33 b,255.00
Kepler-258 c,
Kepler-258 b,
Kepler-737 b,195.00
Kepler-1088 b,300.00
HD 208527 b,352.11
Kepler-473 b,641.00
Kepler-1104 b,516.00
Kepler-56 d,
Kepler-1644 b,592.00
Kepler-715 b,1214.00
Kepler-46 b,855.00
HD 75289 b,28.94
Kepler-692 b,1000.00
K2-6 b,
Kepler-285 b,
Kepler-246 b,
Kepler-246 c,
Kepler-58 b,
Kepler-546 b,896.00
Kepler-1443 b,475.00
Kepler-319 c,
GJ 676 A c,16.90
GJ 676 A b,16.90
GJ 676 A e,16.90
GJ 676 A d,16.90
HD 16175 b,59.84
Kepler-319 b,
Kepler-1267 b,1628.00
Kepler-58 c,
Kepler-969 b,411.00
Kepler-235 e,369.00
WASP-95 b,
HATS-1 b,303.00
Kepler-659 b,688.00
K2-105 b,
Kepler-195 c,
Kepler-195 b,
Kepler-49 d,
Kepler-1515 b,504.00
GJ 163 d,14.97
GJ 163 c,14.97
GJ 163 b,14.97
Kepler-49 b,
Kepler-49 c,
Kepler-314 b,
Kepler-1359 b,669.00
HD 24064 b,264.40
OGLE-2013-BLG-1721L b,6300.00
Kepler-349 b,
Kepler-349 c,
WASP-89 b,
HD 52265 b,28.07
Kepler-1009 b,281.00
HD 102272 b,164.20
XO-2 N b,145.50
CoRoTID 223977153 b,
Kepler-438 b,145.00
Kepler-1433 b,1328.00
Kepler-745 b,1199.00
Kepler-791 b,1447.00
Kepler-1613 b,855.00
HD 108147 b,38.56
HAT-P-15 b,190.00
Kepler-283 c,
Kepler-283 b,
Kepler-391 c,
Kepler-141 b,
Kepler-141 c,
Kepler-252 c,
Kepler-252 b,
HD 222076 b,83.50
Kepler-532 b,325.00
Kepler-1070 b,1040.00
Kepler-1483 b,1327.00
Kepler-1031 b,741.00
Kepler-53 b,
HD 216435 b,33.29
Kepler-53 d,
Kepler-1527 b,1560.00
HD 120084 b,97.66
HD 132563 b,98.52
MOA-2010-BLG-353L b,6430.00
Kepler-1215 b,701.00
CoRoT-1 b,
Kepler-1373 b,1112.00
HD 164509 b,51.81
Kepler-573 b,758.00
XO-5 b,260.00
WASP-60 b,400.00
WASP-35 b,
Kepler-1578 b,1016.00
Kepler-519 b,234.00
K2-45 b,
OGLE-2015-BLG-0954L b,600.00
Kepler-917 b,1027.00
NGC 2682 YBP 1194 b,
Kepler-211 b,
HD 152079 b,83.33
Kepler-1542 c,336.00
K2-210 b,
Kepler-1458 b,642.00
Kepler-1542 b,336.00
HATS-41 b,800.00
HD 9446 b,52.85
HD 9446 c,52.85
WASP-29 b,70.00
USco CTIO 108 b,
Kepler-337 c,
Kepler-337 b,
Kepler-12 b,600.00
HD 196067 b,43.57
Kepler-432 c,870.00
Kepler-432 b,870.00
Kepler-1199 b,540.00
HD 100655 b,140.85
Kepler-1287 b,1027.00
Kepler-945 b,1543.00
HD 74156 b,64.60
K2-85 b,
Kepler-24 e,1200.00
Kepler-569 b,645.00
Kepler-24 d,1200.00
Kepler-1547 b,665.00
Kepler-1027 b,291.00
K2-125 b,
Kepler-641 b,673.00
Kepler-1129 b,1258.00
HD 179949 b,27.05
Kepler-1079 b,481.00
HAT-P-12 b,142.50
Kepler-1395 b,507.00
Kepler-365 b,
Kepler-365 c,
Kepler-148 d,
HD 43691 b,93.20
HD 171028 b,90.00
Kepler-148 c,
HD 125595 b,27.45
Kepler-273 b,
Kepler-148 b,
Kepler-1119 b,1288.00
Kepler-536 b,446.00
Kepler-1530 b,552.00
Kepler-1530 c,552.00
BD-17 63 b,37.54
K2-178 b,
Kepler-326 d,
Kepler-918 b,1245.00
WASP-78 b,550.00
Kepler-1191 b,876.00
MOA-2009-BLG-319L b,6100.00
K2-194 b,
K2-224 b,
Kepler-1580 b,872.00
Kepler-1410 b,367.00
Kepler-317 c,
Kepler-317 b,
K2-228 b,
Kepler-635 b,826.00
Kepler-1324 b,522.00
Kepler-1323 b,530.00
GJ 86 b,10.91
Kepler-1281 b,1090.00
Kepler-1282 b,1126.00
Kepler-832 b,1346.00
HD 149143 b,63.49
WASP-66 b,380.00
Kepler-100 c,
Kepler-100 b,
Kepler-18 d,
Kepler-1150 b,373.00
Kepler-18 c,
Kepler-100 d,
HD 7924 c,16.82
HD 7924 b,16.82
HD 7924 d,16.82
Kepler-32 f,303.00
Kepler-357 d,
Kepler-32 d,303.00
11 Com b,110.62
Kepler-32 b,303.00
Kepler-32 c,303.00
Kepler-357 c,
Kepler-357 b,
HD 125612 b,52.83
HD 113337 b,37.42
GJ 3138 d,28.48
Kepler-611 b,906.00
Kepler-1230 b,1433.00
GJ 3138 c,28.48
GJ 3138 b,28.48
Kepler-422 b,
Kepler-1408 b,426.00
Kepler-621 b,389.00
Kepler-132 d,
HD 222155 b,50.45
Kepler-132 b,
K2-195 c,
WASP-19 b,250.00
Kepler-1606 b,880.00
HD 134987 c,22.20
HD 134987 b,22.20
K2-27 b,
Kepler-558 b,652.00
Kepler-161 b,
Kepler-1168 b,911.00
KIC 5437945 b,
Kepler-1198 b,777.00
K2-160 b,
Kepler-445 c,90.00
NN Ser d,500.00
Kepler-1589 b,1418.00
Kepler-1621 b,1461.00
HD 114613 b,20.48
Kepler-656 b,867.00
Kepler-695 b,620.00
Kepler-888 b,413.00
Kepler-1249 b,1674.00
eps Eri b,3.21
Kepler-839 b,833.00
HD 111232 b,28.88
HAT-P-55 b,480.00
Kepler-9 d,650.00
Kepler-610 c,1113.00
Kepler-610 b,1113.00
HD 11964 c,33.98
HD 11964 b,33.98
OGLE-2008-BLG-092L b,8100.00
Kepler-852 b,854.00
HD 20782 b,35.50
Kepler-1464 b,692.00
Kepler-1464 c,692.00
Kepler-712 c,944.00
KIC 3558849 b,
Kepler-346 b,
Kepler-990 c,933.00
Kepler-1497 b,1122.00
Kepler-880 b,673.00
Kepler-762 b,1465.00
Kepler-671 b,1139.00
Kepler-1290 b,1321.00
Kepler-162 c,
DP Leo b,
Kepler-264 b,
Kepler-936 b,687.00
Kepler-464 b,653.00
Kepler-1175 b,1244.00
HD 50554 b,31.03
Kepler-1653 b,755.00
Kepler-1014 b,672.00
Kepler-1013 b,433.00
Kepler-510 b,378.00
Kepler-753 b,278.00
WTS-2 b,1000.00
K2-201 c,
K2-201 b,
Kepler-1475 b,1714.00
Kepler-193 c,
Kepler-112 b,
Kepler-80 c,357.00
Kepler-551 b,312.00
Kepler-80 e,357.00
Kepler-80 d,357.00
Kepler-80 g,357.00
Kepler-112 c,
Kepler-650 b,805.00
gam Lib c,46.69
gam Lib b,46.69
Kepler-75 b,1140.00
TrES-4 b,492.00
WASP-47 b,200.00
Kepler-404 b,
Kepler-1311 c,705.00
K2-100 b,
WASP-16 b,
KIC 7917485 b,
Kepler-381 b,
Kepler-381 c,
K2-35 c,
K2-35 b,
Kepler-1142 b,697.00
Kepler-1350 b,350.00
Kepler-1350 c,350.00
Kepler-1240 b,614.00
tau Cet e,3.65
Kepler-133 b,
OGLE-TR-113 b,600.00
Kepler-977 b,664.00
WASP-47 c,200.00
Pr0201 b,
Kepler-985 b,741.00
Kepler-398 b,
Kepler-528 b,711.00
Kepler-1055 b,422.00
Kepler-273 c,
Kepler-284 b,
HD 164595 b,28.93
WASP-114 b,460.00
HD 160691 d,15.28
HATS-32 b,839.00
HD 160691 b,15.28
HD 160691 c,15.28
Kepler-713 b,1003.00
kap CrB b,30.50
HATS-42 b,942.00
Kepler-883 b,549.00
K2-5 c,
K2-5 b,
WASP-28 b,410.00
Kepler-1147 b,1476.00
Kepler-163 b,
Kepler-714 b,1460.00
Kepler-1645 b,844.00
Kepler-676 b,243.00
Kepler-755 c,368.00
Kepler-755 b,368.00
KOI-55 b,1180.00
KOI-55 c,1180.00
Kepler-575 b,852.00
Kepler-245 c,
Kepler-245 b,
Kepler-245 e,
Kepler-245 d,
Kepler-547 b,361.00
NGC 2682 YBP 401 b,
Kepler-1089 b,227.00
Kepler-489 b,379.00
tau Cet f,3.65
Kepler-237 b,
Kepler-1585 b,1269.00
Kepler-237 c,
Kepler-48 e,
HIP 63242 b,149.25
Kepler-1516 b,872.00
K2-170 c,
Kepler-48 c,
Kepler-48 b,
WASP-5 b,300.00
Kepler-1264 b,814.00
HAT-P-18 b,166.00
Kepler-961 b,607.00
Kepler-653 c,593.00
Kepler-1318 b,475.00
Kepler-188 c,
Kepler-188 b,
Kepler-1048 b,415.00
Kepler-194 c,
Kepler-790 b,727.00
WASP-153 b,430.00
Kepler-1612 b,837.00
Qatar-1 b,
HATS-6 b,148.40
Kepler-439 b,693.00
Kepler-1432 b,1552.00
Kepler-904 b,1151.00
rho CrB c,17.24
Kepler-1169 b,538.00
K2-3 c,
K2-3 b,
K2-3 d,
Kepler-1480 b,540.00
Kepler-525 b,566.00
HAT-P-14 b,205.00
Kepler-347 b,
Kepler-703 b,1482.00
Kepler-833 b,421.00
Kepler-535 b,678.00
NY Vir b,
Kepler-872 b,1114.00
Kepler-572 b,532.00
Kepler-1536 b,401.00
Kepler-50 c,
Kepler-587 b,852.00
Kepler-1030 b,795.00
Kepler-450 c,
Kepler-1526 b,576.00
Kepler-1110 b,726.00
Kepler-142 d,
Kepler-1080 b,688.00
WASP-15 b,
Kepler-142 c,
Kepler-142 b,
HD 33844 b,100.90
HD 33844 c,100.90
HD 37124 d,33.24
HD 185269 b,47.37
Kepler-212 c,
Kepler-212 b,
Wolf 1061 d,4.30
Kepler-24 c,1200.00
K2-44 b,
Kepler-450 b,
24 Sex b,74.79
24 Sex c,74.79
BD-08 2823 b,42.09
BD-08 2823 c,42.09
Kepler-1214 b,757.00
Kepler-787 b,468.00
Kepler-916 b,769.00
HD 23596 b,52.00
Kepler-433 b,1870.00
Kepler-898 b,479.00
Kepler-282 b,
K2-211 b,
MOA-2008-BLG-379L b,3300.00
Kepler-52 c,
Kepler-1329 b,624.00
OGLE-2012-BLG-0358L b,1760.00
WASP-36 b,450.00
Kepler-1579 b,466.00
Kepler-1429 b,1156.00
Wolf 1061 c,4.30
Kepler-336 d,
HAT-P-8 b,230.00
Kepler-336 c,
Wolf 1061 b,4.30
HD 145377 b,55.19
Kepler-417 c,
OGLE-2013-BLG-0132L b,3900.00
HD 43197 b,56.30
AB Pic b,45.52
Kepler-946 b,918.00
Kepler-1560 b,529.00
HD 131496 b,121.36
WASP-139 b,230.00
Kepler-1064 b,374.00
K2-126 b,
Kepler-1128 b,1163.00
Kepler-1078 b,1215.00
Kepler-144 c,
Kepler-144 b,
Kepler-1531 b,670.00
Kepler-232 c,
Kepler-232 b,
Kepler-366 c,
HD 89307 b,30.88
Kepler-1454 b,795.00
Kepler-606 b,1208.00
K2-84 c,
K2-84 b,
Kepler-1413 b,1162.00
Kepler-316 c,
14 Her b,18.15
Kepler-1633 b,811.00
XO-4 b,293.00
KIC 5951458 b,
K2-223 c,
K2-223 b,
Kepler-1192 b,1108.00
Kepler-401 c,
K2-197 b,
Kepler-101 b,
Kepler-101 c,
Kepler-19 d,2119.00
Kepler-19 c,2119.00
Kepler-1151 b,763.00
Kepler-1322 b,1217.00
Kepler-1570 b,463.00
K2-177 b,
HD 24040 b,46.51
Kepler-401 b,
WASP-140 b,180.00
Kepler-327 d,
WASP-65 b,310.00
Kepler-414 c,
HD 6434 b,40.32
Kepler-1257 b,1081.00
Kepler-1233 b,1281.00
Kepler-612 b,932.00
K2-120 b,
Kepler-1398 b,793.00
Kepler-1398 c,793.00
Kepler-1348 b,1033.00
Kepler-426 b,880.00
Kepler-1137 b,971.00
Kepler-976 b,1020.00
Kepler-386 c,
HD 156846 b,49.00
Kepler-414 b,
CoRoT-16 b,840.00
Kepler-235 d,369.00
BD-13 2130 b,766.00
K2-61 b,
WASP-84 b,125.00
HD 11977 b,66.49
Kepler-235 b,369.00
Kepler-235 c,369.00
Kepler-1473 b,625.00
Kepler-1409 b,722.00
Kepler-33 f,
Kepler-33 e,
Kepler-33 d,
Kepler-33 c,
Kepler-33 b,
Kepler-356 b,
Kepler-356 c,
Kepler-179 c,
Kepler-179 b,
HD 107148 b,51.26
HD 168443 c,37.88
HD 220689 b,45.23
NGTS-1 b,224.00
HD 1502 b,167.50
Kepler-795 b,458.00
Kepler-240 b,
Kepler-657 b,1244.00
Kepler-672 b,1011.00
Kepler-634 b,757.00
Kepler-240 c,
OGLE-2005-BLG-390L b,6600.00
WASP-44 b,
HD 217107 c,19.72
HD 217107 b,19.72
K2-161 b,
HD 125612 c,52.83
HD 158996 b,294.10
HD 125612 d,52.83
Kepler-1588 b,658.00
Kepler-779 b,224.00
Kepler-1158 b,1258.00
Kepler-1495 b,1307.00
Kepler-696 b,1285.00
Kepler-9 c,650.00
Kepler-9 b,650.00
HR 810 b,17.24
HD 200964 b,68.35
K2-26 b,
HAT-P-54 b,
HD 114783 b,20.40
Kepler-506 b,231.00
Kepler-1297 b,996.00
Kepler-163 c,
HD 108341 b,49.40
HD 70573 b,45.70
Kepler-521 b,737.00
WASP-21 b,242.00
HD 290327 b,56.70
Kepler-347 c,
HR 2562 b,33.63
K2-200 b,
Kepler-1474 b,1214.00
K2-66 b,
Kepler-801 b,419.00
HD 96127 b,221.24
HD 187123 c,47.92
HD 187123 b,47.92
Kepler-725 b,778.00
Kepler-1652 b,252.00
Kepler-1017 b,554.00
Kepler-752 b,1075.00
Kepler-131 b,
WASP-17 b,400.00
Kepler-329 b,
HAT-P-30 b,193.00
Kepler-386 b,
HD 22781 b,31.79
Kepler-810 b,1554.00
Kepler-192 b,
Kepler-192 c,
Kepler-550 b,563.00
Kepler-1518 b,1140.00
Kepler-192 d,
Kepler-750 c,1181.00
Kepler-122 c,
Kepler-122 b,
Kepler-1172 b,1292.00
Kepler-122 f,
Kepler-122 e,
Kepler-122 d,
Kepler-539 b,313.00
Kepler-511 b,448.00
Kepler-1383 b,961.00
K2-101 b,
HD 204313 b,47.30
HD 204313 c,47.30
Kepler-63 b,200.00
HD 200964 c,68.35
Kepler-1054 b,1050.00
Kepler-270 c,
Kepler-270 b,
Kepler-1351 b,241.00
Kepler-1241 b,936.00
Kepler-651 b,537.00
HAT-P-43 b,542.00
Kepler-670 b,980.00
HD 197037 b,33.00
Kepler-596 b,1083.00
HD 30562 b,26.50
Kepler-1509 b,1277.00
Kepler-986 b,563.00
Kepler-1146 b,694.00
HD 73534 b,81.00
Kepler-1646 b,81.00
Kepler-717 b,1126.00
GJ 849 b,8.77
Kepler-629 b,383.00
K2-4 b,
HD 93083 b,28.90
Kepler-1587 b,907.00
Kepler-999 b,568.00
Kepler-1328 b,630.00
Kepler-242 b,
HD 16417 b,25.54
HD 2638 b,53.71
Kepler-242 c,
Kepler-718 b,1520.00
WASP-70 A b,245.00
Kepler-754 b,1192.00
Kepler-1303 b,905.00
Kepler-824 b,1352.00
Kepler-818 b,967.00
HD 38283 b,37.78
Kepler-504 b,75.00
Kepler-488 b,1157.00
Kepler-1493 b,572.00
K2-89 b,
Kepler-189 b,
Kepler-189 c,
HAT-P-39 b,642.00
Kepler-598 b,686.00
Kepler-1049 b,129.00
nu Oph b,46.84
Kepler-1517 b,869.00
OGLE-2014-BLG-0676L b,2220.00
GJ 674 b,4.54
Kepler-574 b,747.00
Kepler-155 c,293.00
Kepler-155 b,293.00
Kepler-244 d,
HD 102117 b,42.00
HD 114762 b,40.57
K2-34 b,
Kepler-1342 b,941.00
Kepler-1319 b,114.00
Kepler-1431 b,1270.00
HD 114729 b,35.00
Kepler-441 b,284.00
Kepler-793 b,794.00
Kepler-1611 b,686.00
OGLE-2007-BLG-368L b,5900.00
Kepler-1265 b,581.00
Kepler-967 b,499.00
Kepler-967 c,499.00
Kepler-534 b,473.00
Kepler-1444 b,340.00
HD 45350 b,48.95
Kepler-1481 b,493.00
Kepler-1321 b,547.00
Kepler-1321 c,547.00
Kepler-375 b,
HAT-P-65 b,841.00
Kepler-700 b,1061.00
CoRoT-3 b,680.00
Kepler-1375 b,1238.00
Kepler-930 b,905.00
Kepler-873 b,1397.00
Kepler-689 b,1044.00
Kepler-1381 b,1306.00
BD-10 3166 b,80.00
HATS-22 b,207.90
WASP-46 b,
WASP-100 b,
Kepler-440 b,261.00
Kepler-1111 b,1142.00
Kepler-281 c,
Kepler-1081 b,425.00
Kepler-143 b,
Kepler-143 c,
Kepler-269 c,
Kepler-1292 b,1406.00
K2-43 b,
Kepler-269 b,
Kepler-213 b,
Kepler-213 c,
Kepler-51 c,
Kepler-1537 b,503.00
ROXs 42 B b,135.00
Kepler-1037 b,451.00
Kepler-580 b,333.00
Kepler-51 d,
Kepler-409 b,
HD 152581 b,182.82
Kepler-10 b,173.00
Kepler-10 c,173.00
Kepler-335 c,
Kepler-335 b,
Kepler-218 d,
Kepler-899 b,1038.00
HD 60532 b,25.30
HD 60532 c,25.30
HD 1690 b,7.01
HD 75898 b,80.58
WASP-37 b,343.00
Kepler-965 b,618.00
Kepler-1065 c,1078.00
Kepler-1065 b,1078.00
K2-127 b,
HD 81040 b,32.56
Kepler-458 c,
HD 17092 b,
Kepler-1511 b,897.00
Kepler-1393 b,462.00
Kepler-697 b,1091.00
Kepler-8 b,1330.00
KIC 10001893 c,
KIC 10001893 b,
WASP-138 b,308.00
HD 40956 b,118.48
KIC 10001893 d,
Kepler-605 c,570.00
Kepler-605 b,570.00
Kepler-62 f,368.00
Kepler-863 b,1145.00
Kepler-145 b,
Kepler-145 c,
HIP 67537 b,112.60
HD 106315 c,
HD 106315 b,
Kepler-947 b,1188.00
Kepler-261 c,
Kepler-261 b,
WASP-157 b,
HATS-28 b,521.00
K2-222 b,
Kepler-1193 b,695.00
K2-196 b,
Kepler-1412 b,639.00
Kepler-311 c,
Kepler-311 b,
Kepler-233 b,
Kepler-233 c,
Kepler-367 b,
Kepler-367 c,
Kepler-58 d,
Kepler-1200 b,579.00
Kepler-1446 b,162.00
Kepler-24 b,1200.00
WASP-141 b,570.00
HD 33283 b,86.88
Kepler-94 c,
Kepler-658 b,341.00
WASP-64 b,350.00
MASCARA-1 b,188.70
Kepler-102 c,
Kepler-102 b,
Kepler-102 e,
Kepler-102 d,
Kepler-1152 b,184.00
Kepler-102 f,
Kepler-1632 b,584.00
Kepler-1186 b,1112.00
HD 1605 c,84.60
HD 1605 b,84.60
WASP-14 b,160.00
Kepler-1571 b,802.00
K2-176 b,
HD 142415 b,34.57
KELT-12 b,360.00
GJ 3293 c,15.77
CoRoT-17 b,920.00
GJ 3293 b,15.77
WASP-11 b,121.70
HD 38529 c,42.40
HD 38529 b,42.40
Kepler-613 b,864.00
Kepler-1232 b,740.00
Kepler-444 f,35.70
WASP-127 b,102.00
HD 219134 d,6.55
Kepler-1356 b,881.00
HD 238914 b,301.20
HD 219134 c,6.55
Kepler-1134 b,997.00
HD 69830 c,12.58
Kepler-178 b,
Kepler-178 c,
GJ 3293 e,15.77
Kepler-178 d,
Kepler-359 d,
OGLE-2015-BLG-0051L b,8200.00
WASP-88 b,
K2-188 b,
Kepler-444 c,35.70
K2-90 b,
K2-90 c,
K2-121 b,
Kepler-1399 b,1256.00
Kepler-34 b,1499.00
Kepler-518 b,324.00
Kepler-1595 b,841.00
K2-162 b,
Kepler-393 c,
HD 147513 b,12.87
HD 220842 b,62.50
Kepler-323 c,
HD 208897 b,64.68
Kepler-1472 b,1269.00
HD 216770 b,37.89
HD 104067 b,20.82
OGLE-TR-111 b,
Kepler-128 c,
K2-60 b,
WASP-47 d,200.00
WASP-47 e,200.00
HD 164604 b,37.98
Kepler-184 b,
HAT-P-57 b,303.00
HD 102195 b,28.98
Kepler-529 b,787.00
Kepler-1461 b,752.00
Kepler-69 b,
Kepler-523 b,270.00
Kepler-778 b,899.00
Kepler-1159 b,1238.00
Kepler-225 c,
Kepler-416 c,
K2-21 b,
K2-21 c,
HD 46375 b,33.41
Kepler-344 c,
Kepler-344 b,
Kepler-1132 b,940.00
Kepler-423 b,725.00
Kepler-882 b,525.00
Kepler-677 b,1180.00
Kepler-1296 b,631.00
HD 216536 b,
Kepler-160 b,
LkCa 15 b,
KIC 9663113 b,
Kepler-792 b,1205.00
GJ 1132 b,12.04
HD 143361 b,65.66
Kepler-756 b,852.00
HD 106906 b,91.83
Kepler-1016 c,1239.00
Kepler-1016 b,1239.00
Kepler-234 b,
Kepler-855 b,1043.00
WASP-91 b,150.72
UZ For b,
K2-203 b,
Kepler-272 d,
Kepler-1555 b,1382.00
Kepler-290 b,
Kepler-65 b,
Kepler-403 c,
Kepler-850 b,1535.00
Kepler-579 b,663.00
OGLE-2003-BLG-235L b,5800.00
Kepler-943 b,1239.00
HN Peg b,18.39
75 Cet b,81.50
HD 47186 c,37.84
Kepler-387 b,
Kepler-387 c,
Kepler-811 b,847.00
omi UMa b,56.31
Kepler-339 b,
TAP 26 b,147.00
Kepler-216 b,
Kepler-123 b,
Kepler-123 c,
K2-69 b,
HD 108863 b,138.50
Kepler-462 b,733.00
Kepler-1173 b,402.00
Kepler-771 b,1000.00
Kepler-987 b,936.00
Kepler-1508 b,892.00
Kepler-271 d,
Kepler-62 c,368.00
Kepler-62 b,368.00
Kepler-62 e,368.00
Kepler-244 b,
Kepler-1057 b,1462.00
Kepler-271 c,
Kepler-82 c,
Kepler-82 b,
Kepler-244 c,
Kepler-557 b,1126.00
Kepler-82 e,
Kepler-82 d,
HAT-P-40 b,501.00
Kepler-1302 b,727.00
Kepler-1327 b,688.00
Kepler-282 e,
CHXR 73 b,
WASP-156 b,140.00
Kepler-79 b,
Kepler-87 b,
Kepler-1145 b,714.00
HD 1461 b,23.44
BD+20 2457 c,200.00
BD+20 2457 b,200.00
Kepler-716 b,675.00
Kepler-1647 b,
Kepler-1363 b,559.00
Kepler-1619 b,520.00
HD 59686 A b,96.80
HAT-P-45 b,305.00
Kepler-44 b,2250.00
GJ 625 b,6.49
HATS-12 b,
Kepler-505 b,222.00
Kepler-728 b,1236.00
Kepler-463 b,336.00
Kepler-628 b,579.00
K2-74 b,
Kepler-173 b,
Kepler-36 c,470.00
Kepler-1362 b,767.00
GJ 649 b,10.32
HAT-P-38 b,249.00
K2-159 b,
Kepler-403 b,
Kepler-479 b,371.00
Kepler-800 b,1049.00
Kepler-26 e,
Kepler-154 b,
Kepler-154 c,
Kepler-154 d,
Kepler-154 e,
Kepler-154 f,
HD 27631 b,44.54
HATS-4 b,420.00
Kepler-969 c,411.00
SR 12 AB c,
Kepler-1430 b,541.00
Kepler-1046 b,518.00
Kepler-597 b,660.00
Kepler-1510 b,1615.00
gam Cep b,13.79
tau Boo b,15.60
mu Leo b,40.78
Kepler-1262 b,1153.00
HD 6718 b,54.90
HAT-P-66 b,927.00
Kepler-701 b,755.00
OGLE2-TR-L9 b,
HD 110014 b,90.00
GJ 1148 c,11.03
K2-18 b,34.00
K2-18 c,34.00
HD 73526 c,94.61
Kepler-1153 b,1185.00
KIC 8540376 c,
KIC 8540376 b,
WASP-79 b,240.00
Kepler-1320 b,771.00
Kepler-623 b,811.00
Kepler-1112 b,1734.00
HD 219077 b,29.20
Kepler-1086 b,464.00
Kepler-1086 c,464.00
HD 130322 b,29.76
CoRoT-2 b,200.00
Kepler-1376 b,864.00
HD 137388 A b,38.45
Kepler-285 c,
MOA-bin-1L b,5100.00
HATS-23 b,747.00
WASP-101 b,
HD 79498 b,49.00
TRAPPIST-1 h,12.10
Kepler-408 b,
WASP-57 b,455.00
TRAPPIST-1 c,12.10
TRAPPIST-1 b,12.10
TRAPPIST-1 g,12.10
TRAPPIST-1 f,12.10
Kepler-914 b,678.00
TRAPPIST-1 d,12.10
Kepler-874 b,1072.00
OGLE-2006-BLG-109L c,1510.00
OGLE-2006-BLG-109L b,1510.00
Kepler-1534 b,1107.00
Kepler-581 b,833.00
Kepler-1036 b,507.00
Kepler-243 c,
Kepler-11 g,613.00
Kepler-11 f,613.00
Kepler-11 e,613.00
Kepler-11 d,613.00
Kepler-11 c,613.00
Kepler-11 b,613.00
KIC 10525077 b,
Kepler-334 c,
Kepler-214 c,
Kepler-214 b,
Kepler-502 b,1433.00
HD 142022 A b,35.87
Kepler-564 b,830.00
alf Tau b,20.43
Kepler-1244 b,764.00
Kepler-54 b,
HD 221585 b,53.59
Fomalhaut b,7.70
Kepler-702 b,892.00
Kepler-68 c,135.00
Kepler-526 b,504.00
14 And b,76.39
Kepler-68 d,135.00
Kepler-690 b,1653.00
Kepler-260 b,
Kepler-260 c,
HATS-29 b,351.00
Kepler-604 b,981.00
Kepler-1440 b,685.00
Kepler-1345 b,1164.00
OGLE-2012-BLG-0563L b,1300.00
Kepler-1255 b,1344.00
K2-128 b,
Kepler-1390 b,760.00
Kepler-706 b,810.00
WD 0806-661 b,19.20
Kepler-940 b,1317.00
HD 224538 b,77.76
HD 181433 c,26.15
HD 181433 b,26.15
HD 181433 d,26.15
K2-191 b,
K2-221 b,
Kepler-1194 b,616.00
Kepler-616 c,1019.00
WASP-41 c,180.00
Kepler-616 b,1019.00
Kepler-915 b,806.00
Kepler-23 d,800.00
Kepler-59 b,
Kepler-230 c,
Kepler-230 b,
Kepler-360 c,
Kepler-360 b,
Kepler-23 b,800.00
Kepler-23 c,800.00
KELT-15 b,291.00
HD 181720 b,55.93
HD 190647 b,54.23
Kepler-1576 b,539.00
HD 98219 b,150.38
K2-175 b,
WASP-63 b,330.00
WASP-142 b,840.00
GJ 3341 b,23.16
Kepler-1415 b,1066.00
Kepler-378 b,
Kepler-170 c,
HD 164922 c,22.13
HD 164922 b,22.13
Kepler-378 c,
Kepler-1635 b,1084.00
Kepler-1185 b,296.00
WASP-83 b,300.00
Kepler-1453 b,1284.00
Kepler-424 b,
Kepler-1135 b,728.00
Kepler-978 b,624.00
BD-06 1339 c,20.10
BD-06 1339 b,20.10
HD 128311 c,16.52
HD 128311 b,16.52
HD 159868 b,52.72
HD 159868 c,52.72
BD+15 2940 b,175.44
Kepler-1246 b,435.00
Kepler-363 d,
Kepler-1056 b,971.00
Kepler-1279 b,1017.00
WASP-124 b,433.00
Kepler-566 b,628.00
Kepler-1357 b,1026.00
Kepler-1243 b,877.00
Kepler-1396 b,1236.00
Kepler-35 b,1645.00
WASP-2 b,166.00
Kepler-358 b,
Kepler-358 c,
K2-91 b,
WASP-50 b,230.00
HD 190360 b,15.89
HD 190360 c,15.89
2MASS J01225093-2439505 b,36.00
HD 67087 b,88.81
2MASS J19383260+4603591 b,
HIP 57274 b,25.87
Kepler-129 b,
Kepler-129 c,
Kepler-7 b,
HD 37605 c,42.88
K2-163 b,
HD 142245 b,106.38
K2-133 b,
K2-63 b,
HD 2039 b,89.85
HD 76920 b,184.80
Kepler-1628 b,352.00
Kepler-739 b,1128.00
Kepler-42 d,38.70
Kepler-599 b,627.00
HD 103720 b,41.60
HAT-P-56 b,310.50
Kepler-42 c,38.70
HD 240210 b,142.86
HAT-P-46 b,296.00
Kepler-909 b,318.00
Kepler-138 d,
Kepler-319 d,
Kepler-138 b,
Kepler-138 c,
18 Del b,73.10
HD 62509 b,10.34
PSR J2322-2650 b,230.00
HD 76700 b,59.70
HD 13908 c,66.89
HD 13908 b,66.89
Kepler-345 b,
Kepler-345 c,
Kepler-412 b,1056.00
HD 8535 b,52.50
Kepler-203 c,
Kepler-203 b,
Kepler-758 e,1353.00
Kepler-203 d,
Kepler-758 b,1353.00
Kepler-265 e,
HATS-53 b,613.00
Kepler-851 b,869.00
Kepler-265 d,
GQ Lup b,139.00
UKIRT-2017-BLG-001L b,6300.00
Kepler-172 d,
HD 28185 b,39.60
Kepler-1650 b,120.50
Kepler-1011 b,860.00
Kepler-265 b,
Kepler-1222 b,455.00
Kepler-1133 b,821.00
Kepler-885 b,632.00
Kepler-1295 b,1257.00
Kepler-161 c,
Kepler-497 b,1070.00
Kepler-1556 b,1060.00
HD 28254 b,54.70
Kepler-120 c,
Kepler-120 b,
Kepler-1170 b,911.00
Kepler-461 b,468.00
K2-107 b,
HD 4732 c,56.50
HD 212771 b,121.80
Kepler-85 d,
K2-68 b,
Kepler-864 b,1573.00
K2-202 b,
HD 10442 b,
HD 179079 b,63.69
Kepler-748 b,1271.00
HAT-P-41 b,344.00
HD 132406 b,70.97
Kepler-653 b,593.00
Kepler-281 b,
Kepler-1305 b,1343.00
TYC 3318-01333-1 b,555.32
Kepler-87 c,
K2-29 b,
Kepler-1502 b,1540.00
WASP-117 b,
Kepler-415 b,
Kepler-384 c,
Kepler-384 b,
Kepler-415 c,
Kepler-556 b,729.00
TrES-1 b,150.00
Kepler-282 d,
WASP-52 b,140.00
KELT-6 c,222.00
KELT-6 b,222.00
Kepler-1326 b,910.00
Kepler-1424 b,620.00
Kepler-329 c,
Kepler-16 b,61.00
HIP 65426 b,111.40
Kepler-780 b,520.00
Kepler-1604 b,562.00
PH2 b,
HD 215152 e,21.63
HD 215152 d,21.63
HD 215152 c,21.63
HD 215152 b,21.63
Kepler-1618 b,1238.00
Kepler-1293 b,770.00
Kepler-20 g,290.00
Kepler-289 c,700.00
Kepler-289 b,700.00
Kepler-822 b,956.00
HD 103197 b,49.33
Kepler-492 b,642.00
Kepler-1286 b,1150.00
K2-75 c,
K2-75 b,
Kepler-1144 b,1012.00
Kepler-1228 b,547.00
WASP-23 b,
Kepler-576 b,698.00
Kepler-401 d,
Kepler-153 c,
Kepler-153 b,
Kepler-76 b,
Kepler-1361 b,404.00
HD 11755 b,231.50
HD 99706 b,130.89
HD 147379 b,10.73
Kepler-382 c,
Kepler-276 c,
Kepler-1263 b,695.00
Kepler-51 b,
HATS-5 b,257.00
Kepler-827 b,1352.00
HD 214823 b,97.47
HIP 75458 b,31.33
K2-158 b,
HD 48265 b,85.40
HD 191806 b,73.47
Kepler-1047 c,566.00
Kepler-1047 b,566.00
HD 139357 b,121.36
Kepler-92 b,
Kepler-92 c,
HD 9174 b,78.93
Kapteyn c,3.92
OGLE-2012-BLG-0950L b,3000.00
K2-19 c,
K2-19 b,
HAT-P-67 b,320.00
K2-19 d,
Kepler-320 c,
Kepler-320 b,
GJ 436 b,10.23
Kepler-646 b,513.00
Kepler-835 b,2011.00
nu Oph c,46.84
Kepler-104 d,
Kepler-104 c,
Kepler-104 b,
Kepler-495 b,630.00
Kepler-95 b,
Kepler-442 b,342.00
Kepler-1113 b,1127.00
Kepler-287 c,
Kepler-1087 b,354.00
HD 104985 b,102.04
Kepler-1288 b,715.00
Kepler-687 b,628.00
Kepler-1535 b,879.00
Kepler-1035 b,408.00
Kepler-582 b,751.00
Kepler-417 b,
GJ 179 b,12.12
Kepler-159 c,
Kepler-159 b,
Kepler-749 b,753.00
HD 32518 b,117.37
Kepler-1377 b,1019.00
HD 183263 b,52.83
HD 183263 c,52.83
Kepler-875 b,1244.00
HD 111591 b,108.46
Kepler-704 b,1054.00
Kepler-1183 b,1378.00
Kepler-182 c,
Kepler-182 b,
Kepler-377 c,
Kepler-377 b,
Kepler-215 d,
Kepler-215 e,
Kepler-215 b,
Kepler-215 c,
Kepler-788 b,1649.00
Kepler-1625 b,1213.00
Kepler-691 b,239.00
Kepler-67 b,1107.00
Kepler-1245 c,861.00
Kepler-1245 b,861.00
Kepler-803 b,615.00
Kepler-338 b,
Kepler-434 b,1240.00
Kepler-397 c,
Kepler-397 b,
Kepler-1161 b,428.00
Kepler-982 b,702.00
Kepler-941 b,1105.00
HD 5583 b,221.00
Kepler-614 b,571.00
Kepler-263 c,
Kepler-263 b,
HD 5608 b,58.17
Kepler-1067 b,689.00
Kepler-1344 b,851.00
Kepler-1254 c,676.00
Kepler-1254 b,676.00
K2-129 b,
Kepler-1254 d,676.00
Kepler-1391 b,721.00
Kepler-231 b,
Kepler-231 c,
Kepler-361 b,
Kepler-361 c,
Kepler-22 b,190.00
Kepler-1202 b,1393.00
Kepler-663 b,1030.00
Kepler-1138 b,1101.00
HD 4313 b,131.41
Kepler-586 b,707.00
HIP 65407 b,55.50
HIP 65407 c,55.50
Kepler-47 c,1500.00
Kepler-1634 b,654.00
Kepler-1184 b,1193.00
KELT-14 b,266.00
Kepler-1577 b,543.00
K2-174 b,
Kepler-900 b,505.00
K2-220 b,
Kepler-220 e,
Kepler-220 b,
Kepler-220 c,
Kepler-257 b,
Kepler-603 c,967.00
Kepler-1414 b,534.00
Kepler-603 b,967.00
Kepler-1059 b,673.00
HIP 41378 d,116.14
HIP 41378 f,116.14
HIP 41378 c,116.14
HIP 41378 b,116.14
WASP-82 b,200.00
K2-54 b,
Kepler-97 b,
Kepler-257 c,
Kepler-647 b,789.00
WASP-97 b,
Kepler-60 c,
Kepler-1506 b,1318.00
Kepler-209 c,
Kepler-209 b,
Kepler-399 c,
Kepler-399 b,
Kepler-60 d,
Kepler-858 b,296.00
Kepler-948 b,884.00
K2-123 b,156.00
Kepler-1550 b,1202.00
Kepler-1397 b,770.00
Kepler-591 b,793.00
HD 171238 b,44.05
HD 45364 b,32.58
HD 45364 c,32.58
HD 219828 c,77.90
HD 221287 b,52.88
Kepler-1484 b,1095.00
MOA-2010-BLG-477L b,2300.00
Kepler-238 c,
Kepler-1470 b,569.00
Kepler-238 e,
Kepler-238 d,
Kepler-738 b,992.00
Kepler-1629 b,390.00
K2-62 c,
K2-62 b,
Kepler-871 b,1695.00
Kepler-376 c,
Kepler-79 c,
HD 14067 b,163.40
Kepler-938 b,861.00
OGLE-2011-BLG-0265L b,4380.00
HD 103774 b,53.08
Kepler-32 e,303.00
LHS 1140 b,12.47
K2-199 c,
K2-199 b,
Kepler-1456 b,379.00
WASP-49 b,170.00
Kepler-1403 b,1801.00
Kepler-318 b,
Kepler-318 c,
Kepler-794 b,763.00
Kepler-334 d,
bet UMi b,38.78
KELT-8 b,236.00
Kepler-1364 b,1149.00
91 Aqr b,45.52
WTS-1 b,3200.00
Kepler-962 b,439.00
HAT-P-2 b,135.32
HD 7199 b,35.88
Kepler-202 b,
Kepler-202 c,
XO-1 b,172.00
Kepler-1557 b,1532.00
HATS-52 b,631.00
XO-2 S c,148.00
HD 167042 b,50.00
Kepler-220 d,
NGC 2682 Sand 364 b,
Kepler-342 e,
Kepler-342 d,
Kepler-342 c,
Kepler-342 b,
WASP-123 b,214.00
Kepler-620 b,1241.00
Kepler-1223 b,455.00
Kepler-1130 b,234.00
Kepler-421 b,320.00
Kepler-884 b,420.00
Kepler-675 b,651.00
Kepler-1294 b,1120.00
Kepler-1479 b,619.00
Kepler-121 b,
Kepler-121 c,
Kepler-1171 b,615.00
Kepler-927 b,879.00
Kepler-720 b,880.00
OGLE-2012-BLG-0026L c,4019.00
K2-205 b,
Kepler-669 b,1778.00
HD 41004 A b,43.03
MOA-2012-BLG-006L b,5300.00
HD 18742 b,127.88
K2-28 b,
Kepler-1304 b,682.00
Kepler-413 b,
K2-104 b,
Kepler-307 b,
K2-151 b,62.70
Kepler-385 b,
Kepler-385 c,
HD 27894 b,42.37
HD 27894 c,42.37
HD 27894 d,42.37
Kepler-1278 b,743.00
BD+20 594 b,
KELT-7 b,129.00
HD 188015 b,52.63
Kepler-1182 b,1258.00
Kepler-211 c,
HD 147873 c,104.93
HD 147873 b,104.93
Kepler-17 b,800.00
Kepler-772 b,689.00
WASP-94 A b,180.00
Kepler-1229 b,236.00
Kepler-1354 b,1057.00
K2-72 d,
K2-72 e,
Kepler-288 b,
Kepler-288 c,
Kepler-288 d,
Kepler-191 c,
K2-72 b,
K2-72 c,
HD 233604 b,
Kepler-893 b,1216.00
MOA-2008-BLG-310L b,7700.00
Kepler-113 c,
Kepler-113 b,
K2-218 b,
Kepler-1143 b,632.00
Kepler-1143 c,632.00
Kepler-191 d,
HD 4203 b,77.82
HD 4203 c,77.82
Kepler-152 b,
Kepler-152 c,
Kepler-241 c,
Kepler-241 b,
Kepler-493 b,1942.00
Kepler-507 b,410.00
Kepler-740 b,1262.00
GJ 9827 b,30.30
GJ 9827 c,30.30
GJ 9827 d,30.30
Kepler-1044 b,1507.00
11 UMi b,119.47
K2-102 b,
Kepler-1512 b,162.00
Kepler-93 b,
Kepler-383 b,
Kepler-383 c,
KOI-217 b,800.00
Kepler-1260 b,1041.00
Kepler-77 b,570.00
HD 3167 b,45.80
HD 3167 c,45.80
HD 3167 d,45.80
NGC 4349 127 b,2200.00
Kepler-862 b,806.00
Kepler-765 b,1000.00
TYC 1422-614-1 b,759.00
Kepler-105 b,
Kepler-105 c,
Kepler-1448 b,786.00
WASP-18 b,105.49
K2-173 b,
KELT-17 b,210.00
K2-152 b,112.00
Kepler-1574 b,1275.00
Kepler-60 b,
Kepler-321 b,
Kepler-321 c,
Kepler-411 b,
Kepler-645 b,901.00
Kepler-539 c,313.00
Kepler-1289 b,1059.00
HD 5891 b,150.60
Kepler-250 d,
4 UMa b,77.40
K2-7 b,
KOI-94 c,
KOI-94 b,
WASP-103 b,470.00
KOI-94 e,
KOI-94 d,
HD 29021 b,30.60
Kepler-652 b,423.00
WASP-58 b,300.00
Kepler-29 c,1400.00
Kepler-1378 b,562.00
Kepler-368 c,
HD 13931 b,45.52
Kepler-876 b,735.00
Kepler-1532 b,824.00
HD 109246 b,65.60
Kepler-583 b,805.00
Kepler-1034 b,706.00
K2-136 b,
K2-136 c,
Kepler-445 d,90.00
Kepler-1114 b,427.00
Kepler-445 b,90.00
K2-136 d,
HD 63454 b,35.80
Kepler-1369 b,1236.00
Kepler-91 b,1030.00
Kepler-376 b,
Kepler-1437 b,1182.00
Kepler-45 b,333.00
Kepler-216 c,
GJ 3998 b,17.79
HD 113996 b,101.63
BD+49 828 b,
Kepler-36 b,470.00
K2-229 c,104.00
K2-229 b,104.00
Kepler-688 b,1247.00
Kepler-158 b,
Kepler-158 c,
Kepler-183 b,
Kepler-183 c,
Kepler-1160 b,1293.00
Kepler-524 c,730.00
Kepler-524 b,730.00
Kepler-643 b,1029.00
Kepler-784 b,604.00
Kepler-66 b,1107.00
K2-117 c,100.00
K2-117 b,100.00
Kepler-396 b,
Kepler-396 c,
HATS-13 b,476.00
K2-22 b,
Kepler-1347 b,321.00
Kepler-1253 b,390.00
Kepler-431 b,
Kepler-584 b,1445.00
Kepler-821 b,619.00
Kepler-960 b,298.00
Kepler-942 b,218.00
Kepler-802 b,828.00
Kepler-55 d,
Kepler-996 b,1098.00
HD 148427 b,59.28
HD 47536 b,121.36
SWEEPS-4 b,8500.00
Kepler-55 c,
Kepler-1060 b,861.00
Kepler-684 b,1066.00
HD 33564 b,20.98
HD 219828 b,77.90
Kepler-21 b,113.00
Kepler-236 b,
Kepler-362 c,
Kepler-362 b,
Kepler-173 c,
BD+03 2562 b,2618.00
OGLE-2017-BLG-0373L b,5915.00
Kepler-602 b,971.00
Kepler-843 b,1247.00
Kepler-1417 b,656.00
Kepler-540 b,350.00
Kepler-783 b,544.00
K2-49 b,
Kepler-1637 b,506.00
Kepler-1203 b,269.00
Kepler-485 b,1173.00
Kepler-223 e,
Kepler-223 d,
BD+14 4559 b,50.03
WASP-77 A b,93.00
Kepler-223 c,
Kepler-1129 c,1258.00
Kepler-1505 b,359.00
Kepler-208 c,
Kepler-208 d,
Kepler-208 e,
HD 8673 b,38.26
HD 208487 b,44.00
Kepler-1058 b,525.00
Kepler-1355 b,963.00
Kepler-238 b,
HD 66141 b,80.06
Kepler-1307 b,1396.00
K2-119 b,
Kepler-125 c,
Kepler-766 b,1614.00
NGC 2682 YBP 1514 b,
Kepler-631 b,843.00
K2-124 b,
Kepler-859 b,915.00
Kepler-238 f,
Kepler-1349 b,260.00
Kepler-1028 b,633.00
Kepler-169 d,
Kepler-169 e,
Kepler-169 f,
CoRoT-12 b,1150.00
HD 95872 b,7.56
Kepler-169 b,
Kepler-169 c,
K2-65 b,78.06
Kepler-845 b,471.00
Kepler-239 b,
Kepler-239 c,
Kepler-1477 b,525.00
Kepler-37 c,66.00
Kepler-1551 b,1560.00
HD 128356 b,26.03
Kepler-1019 b,198.00
Kepler-1238 b,1533.00
HD 141937 b,33.46
Kepler-37 d,66.00
Kepler-431 d,
Kepler-666 b,1330.00
Kepler-1095 b,758.00
HD 10697 b,32.60
51 Eri b,29.40
Kepler-1626 b,1718.00
Kepler-1069 b,435.00
Kepler-667 b,907.00
K2-52 b,
K2-198 b,
HD 149026 b,78.86
PSR B1257+12 b,600.00
PSR B1257+12 c,600.00
Kepler-1590 b,900.00
WASP-48 b,
Kepler-1400 b,879.00
Kepler-201 c,
Kepler-201 b,
Kepler-979 b,606.00
Kepler-760 c,782.00
Kepler-760 b,782.00
Kepler-226 b,
Kepler-588 b,972.00
OGLE-TR-056 b,
Kepler-1261 b,795.00
Kepler-411 c,
Kepler-372 b,
Kepler-963 b,786.00
HAT-P-3 b,138.00
Kepler-761 b,867.00
Kepler-1220 b,958.00
Kepler-1131 b,1109.00
Kepler-887 c,831.00
Kepler-607 b,500.00
WASP-25 b,
WASP-92 b,530.00
KOI-142 b,339.00
KOI-142 c,339.00
WASP-33 b,116.14
Kepler-343 b,
Kepler-343 c,
HD 96167 b,84.03
K2-204 b,
Kepler-370 b,
Kepler-668 b,877.00
Kepler-797 b,752.00
HD 4208 b,32.70
Kepler-1478 b,1405.00
Kepler-1558 b,343.00
HATS-51 b,478.00
Kepler-1642 c,447.00
HD 102956 b,121.07
Kepler-721 b,848.00
Kepler-924 b,995.00
EPIC 211822797 b,
WASP-24 b,
WASP-42 b,160.00
Kepler-548 b,776.00
HD 74156 c,64.60
HD 41004 B b,43.03
Kepler-554 b,642.00
WASP-93 b,250.00
K2-187 b,
K2-187 c,
Kepler-126 d,
Kepler-126 c,
Kepler-126 b,
K2-187 d,
K2-187 e,
HD 222582 b,41.95
Kepler-304 d,
HD 113538 b,15.90
HD 113538 c,15.90
K2-150 b,110.00
Kepler-931 b,490.00
Kepler-304 c,
Kepler-304 b,
Kepler-14 b,980.00
Kepler-1426 b,1211.00
KELT-11 b,98.00
Kepler-1242 b,682.00
Kepler-1630 b,278.00
8 UMi b,159.10
Kepler-639 b,680.00
Kepler-786 b,512.00
HD 224693 b,94.07
Kepler-1268 b,1406.00
WASP-80 b,60.00
HD 102365 b,9.24
Kepler-1181 b,867.00
K2-8 b,
K2-8 c,
K2-219 b,
K2-219 c,
K2-219 d,
30 Ari B b,39.43
K2-73 b,
HIP 78530 b,156.70
HD 196885 b,32.99
Kepler-1567 b,1226.00
Kepler-1597 b,1255.00
Kepler-187 b,
Kepler-425 b,650.00
WASP-98 b,
Kepler-890 b,1387.00
Kepler-1082 b,628.00
Kepler-359 c,
K2-148 c,121.00
K2-148 b,121.00
K2-148 d,121.00
Kepler-359 b,
Kepler-922 b,558.00
Kepler-820 b,989.00
OGLE-2015-BLG-0966L b,2500.00
Kepler-741 b,1530.00
Kepler-490 b,1249.00
Kepler-500 b,747.00
Kepler-861 b,806.00
Kepler-275 d,
Kepler-1529 b,683.00
Kepler-594 b,742.00
Kepler-1045 b,971.00
Kepler-1513 b,384.00
Kepler-1103 b,921.00
Kepler-403 d,
Kepler-1097 b,738.00
Kepler-151 c,
Kepler-151 b,
Kepler-836 b,1003.00
Kepler-160 c,
Kepler-1367 b,357.00
KELT-3 b,178.00
Kepler-322 c,
Kepler-322 b,
Kepler-644 b,1413.00
Kepler-1572 b,600.00
Kepler-106 e,
Kepler-106 d,
Kepler-699 b,888.00
Kepler-106 c,
Kepler-106 b,
WASP-71 b,345.00
Kepler-1636 b,1567.00
K2-172 b,
K2-172 c,
KELT-16 b,395.26
Kepler-1575 b,1170.00
Kepler-913 b,597.00
Kepler-538 b,165.00
Kepler-685 b,1145.00
Kepler-1259 b,704.00
Kepler-1449 b,1321.00
WASP-26 b,250.00
HD 202206 c,45.50
WASP-38 b,110.00
Kepler-69 c,
Kepler-1379 b,951.00
GJ 317 b,15.10
Kepler-955 b,637.00
Kepler-369 b,
Kepler-369 c,
Kepler-877 b,572.00
HATS-26 b,907.00
WASP-104 b,143.00
Kepler-829 b,954.00
Kepler-1077 b,1098.00
Kepler-1451 b,1159.00
Kepler-444 d,35.70
Kepler-444 e,35.70
Kepler-444 b,35.70
Kepler-1115 b,935.00
Kepler-1488 b,618.00
Kepler-1085 b,1518.00
Kepler-157 c,
Kepler-157 b,
BD+48 740 b,751.87
Kepler-184 c,
HD 40979 b,33.30
Kepler-157 d,
Kepler-217 d,
Kepler-225 b,
Kepler-375 c,
Kepler-305 c,
Kepler-443 b,779.00
Kepler-217 b,
Kepler-217 c,
CoRoT-8 b,380.00
Kepler-1283 b,1452.00
UZ For c,
Kepler-1496 b,1293.00
CoRoT-25 b,1000.00
HAT-P-26 b,134.00
Kepler-1109 b,797.00
Kepler-1368 b,1750.00
Kepler-1301 b,816.00
GJ 3323 c,5.32
GJ 3323 b,5.32
Kepler-1163 b,487.00
Kepler-959 b,1003.00
Kepler-984 b,461.00
HD 88133 b,74.46
K2-169 b,
Kepler-135 b,
OGLE-2014-BLG-0124L b,4100.00
K2-116 b,56.15
HD 67087 c,88.81
Kepler-53 c,
Kepler-1061 b,585.00
Kepler-932 b,478.00
Kepler-1346 b,1123.00
Kepler-1252 b,828.00
Kepler-642 b,1022.00
YZ Cet d,3.60
Kepler-1336 b,822.00
Kepler-1336 c,822.00
Kepler-693 b,1002.00
Kepler-908 b,250.00
K2-12 b,
Kepler-805 b,657.00
Kepler-995 b,659.00
Kepler-190 c,
Kepler-842 b,552.00
Kepler-601 b,429.00
K2-133 d,
K2-133 c,
HD 37605 b,42.88
Kepler-453 b,
Kepler-1120 b,635.00
HD 170469 b,64.98
Kepler-172 b,
Kepler-172 c,
HD 220773 b,49.00
Kepler-172 e,
Kepler-222 d,
HD 190984 b,189.39
HD 4732 b,56.50
K2-48 b,
Kepler-222 b,
Kepler-222 c,
Kepler-1406 b,587.00
Kepler-127 b,
HD 195019 b,37.35
2MASS J04414489+2301513 b,140.00
Kepler-1020 b,446.00
Kepler-20 f,290.00
Kepler-20 e,290.00
Kepler-20 d,290.00
Kepler-20 c,290.00
Kepler-20 b,290.00
Kepler-363 b,
Kepler-363 c,
Kepler-577 b,549.00
Kepler-1204 b,1282.00
K2-118 b,
Kepler-870 b,1231.00
Kepler-767 b,1185.00
Kepler-711 b,664.00
Kepler-1504 b,1029.00
HD 20868 b,48.90
WASP-69 b,50.00
Kepler-856 b,1175.00
Kepler-549 b,648.00
Kepler-549 c,648.00
K2-32 b,
K2-32 c,
K2-32 d,
Kepler-1316 b,753.00
HD 133131 B b,47.00
HD 168746 b,43.12
Kepler-1306 b,1130.00
Kepler-710 b,919.00
CoRoT-13 b,1060.00
Kepler-128 b,
Kepler-1068 b,1532.00
HD 38801 b,99.40
Kepler-1012 b,420.00
HD 215497 c,43.53
HD 215497 b,43.53
MOA-2011-BLG-293L b,7720.00
HIP 70849 b,23.98
Kepler-5 b,
Kepler-1573 b,1180.00
HD 89744 b,39.00
Kepler-278 c,
Kepler-278 b,
Kepler-1548 b,1150.00
Kepler-840 b,778.00
Kepler-661 b,558.00
Kepler-38 b,600.00
CFBDSIR J145829+101343 b,23.10
Kepler-410 A b,132.00
WASP-54 b,200.00
Kepler-1552 b,618.00
HD 218566 b,29.94
Kepler-1018 b,894.00
HD 163607 b,69.44
HD 163607 c,69.44
Kepler-1591 b,1090.00
Kepler-1401 b,1242.00
Kepler-302 c,
Kepler-302 b,
Kepler-529 c,787.00
K2-53 b,
Kepler-844 b,394.00
Kepler-29 b,1400.00
Kepler-1388 e,492.00
OGLE-2017-BLG-1522L b,
HD 192310 b,8.82
Kepler-736 b,1007.00
Kepler-1627 b,311.00
Kepler-781 b,1036.00
HAT-P-4 b,314.00
Kepler-1442 b,525.00
Kepler-1360 b,1405.00
KOI-12 b,426.00
Kepler-200 b,
Kepler-200 c,
Kepler-1428 b,802.00
Kepler-1090 b,702.00
HD 206610 b,170.07
Kepler-1528 b,916.00
Kepler-1042 b,659.00
Kepler-593 b,1016.00
WASP-121 b,270.00
Kepler-340 c,
Kepler-340 b,
Kepler-896 b,896.00
Kepler-622 b,259.00
Kepler-1221 b,909.00
Kepler-1136 b,545.00
Kepler-427 b,1100.00
Kepler-886 b,857.00
GJ 3634 b,19.80
Kepler-1273 b,1355.00
OGLE-TR-211 b,
Kepler-796 b,377.00
Kepler-854 b,741.00
Kepler-1569 b,1050.00
K2-10 b,
Kepler-1439 b,215.00
Kepler-94 b,
Kepler-1655 b,230.59
Kepler-722 b,1375.00
K2-207 b,
HD 189733 b,19.25
Kepler-1007 b,365.00
Kepler-37 b,66.00
FU Tau b,140.00
Kepler-1559 b,580.00
HATS-50 b,717.00
K2-79 b,
Kepler-305 d,
Kepler-1598 b,734.00
xi Aql b,62.66
Kepler-305 b,
K2-153 b,126.00
WASP-45 b,
OGLE-2016-BLG-0263L b,6500.00
Kepler-249 d,
Kepler-1492 b,371.00
Kepler-249 c,
Kepler-132 e,
Kepler-517 b,284.00
Kepler-127 d,
K2-184 b,
Kepler-1099 b,1209.00
Kepler-127 c,
Kepler-80 b,357.00
HIP 74890 b,91.49
Kepler-1180 b,1284.00
Kepler-15 b,
Kepler-1427 b,1220.00
KELT-10 b,183.00
Kepler-1521 b,227.00
Kepler-224 c,
Kepler-374 b,
Kepler-374 c,
Kepler-374 d,
Kepler-224 d,
Kepler-224 e,
Kepler-1213 b,685.00
Kepler-132 c,
Kepler-1269 b,710.00
Kepler-891 b,1372.00
WASP-99 b,
Kepler-111 c,
Kepler-111 b,
WASP-22 b,300.00
Kepler-1141 b,365.00
Kepler-1607 b,735.00
KELT-1 b,262.00
Kepler-527 b,901.00
Kepler-1566 b,511.00
61 Vir b,8.52
61 Vir c,8.52
61 Vir d,8.52
Kepler-746 b,450.00
Kepler-1083 b,912.00
K2-149 b,118.00
HD 23127 b,89.13
K2-216 b,
TYC 1422-614-1 c,759.00
Kepler-988 b,248.00
K2-70 b,
Kepler-54 c,
Kepler-520 b,492.00
KPS-1 b,
HD 180902 b,114.55
LkCa 15 c,
Kepler-860 b,1295.00
Kepler-555 b,772.00
Kepler-85 e,
HAT-P-20 b,70.00
Kepler-923 b,966.00
HATS-35 b,557.00
Kepler-234 c,
Kepler-80 f,357.00
WASP-113 b,360.00
Kepler-150 d,927.00
Kepler-1102 b,986.00
Kepler-150 f,927.00
Kepler-1096 b,344.00
Kepler-454 c,
Kepler-150 b,927.00
Kepler-150 c,927.00
Kepler-1639 b,1168.00
HD 100546 b,97.00
Kepler-1189 b,883.00
K2-171 b,
YZ Cet b,3.60
Kepler-323 b,
Kepler-1610 b,1063.00
Kepler-491 b,657.00
Kepler-654 b,661.00
Kepler-1407 b,1275.00
Kepler-1384 b,618.00
HD 154672 b,64.77
Kepler-416 b,
Kepler-501 b,1044.00
WASP-72 b,340.00
K2-55 b,
Kepler-18 b,
Kepler-993 b,298.00
Kepler-1457 b,728.00
Kepler-107 d,
Kepler-107 e,
Kepler-107 b,
Kepler-107 c,
Kepler-289 d,700.00
WASP-20 b,210.00
Kepler-1338 b,619.00
eps CrB b,70.42
Kepler-307 c,
Kepler-1076 b,199.00
Kepler-168 c,
MOA-2009-BLG-387L b,5690.00
Kepler-1116 b,1017.00
Kepler-1489 b,870.00
Kepler-719 b,1427.00
GJ 504 b,17.95
HD 32963 b,35.24
HD 72659 b,51.40
Kepler-295 d,
Kepler-726 b,838.00
Kepler-295 b,
Kepler-295 c,
Kepler-1258 b,651.00
ups And d,13.47
HATS-27 b,840.00
HD 99109 b,60.46
Kepler-828 b,625.00
ups And c,13.47
HAT-P-27 b,204.00
Kepler-168 b,
Kepler-1108 b,764.00
BD+20 274 b,
Kepler-156 b,
Kepler-156 c,
Kepler-185 b,
Kepler-185 c,
Kepler-954 b,224.00
Kepler-935 b,482.00
WASP-43 b,80.00
HD 16141 b,35.91
Kepler-254 c,
Kepler-254 b,
CoRoT-24 b,600.00
HD 154345 b,18.06
HD 118203 b,88.57
Kepler-254 d,
K2-111 b,
Kepler-346 c,
TrES-2 b,213.00
Kepler-1605 b,224.00
Kepler-1300 b,757.00
HAT-P-42 b,447.00
Kepler-390 b,
Kepler-390 c,
HATS-11 b,
Kepler-303 b,
Kepler-303 c,
psi 1 Dra B b,22.16
HD 109749 b,59.03
Kepler-134 b,
Kepler-134 c,
HD 159243 c,68.59
HD 159243 b,68.59
Kepler-804 b,648.00
Kepler-804 c,648.00
Kepler-758 d,1353.00
Kepler-638 b,426.00
Kepler-393 b,
Kepler-1062 b,388.00
K2-13 b,
Kepler-83 b,
Kepler-1162 b,989.00
Kepler-522 b,749.00
Kepler-26 c,
Kepler-1337 b,588.00
Kepler-175 c,
Kepler-175 b,
MOA-2011-BLG-028L b,7380.00
XO-3 b,174.00
Kepler-600 b,624.00
WASP-130 b,180.00
Kepler-1341 b,466.00
Kepler-1251 b,863.00
Kepler-450 d,
Kepler-1123 b,796.00
Kepler-1366 b,395.00
GJ 832 b,4.94
GJ 832 c,4.94
Kepler-1205 b,766.00
Kepler-966 b,773.00
Kepler-903 b,829.00
Kepler-903 c,829.00
Kepler-325 c,
K2-83 b,
K2-83 c,
K2-132 b,
Kepler-1021 b,837.00
Kepler-27 b,
Kepler-27 c,
NGC 2682 Sand 978 b,628.93
Kepler-1317 b,734.00
HD 133131 A b,47.00
HD 133131 A c,47.00
MOA-2011-BLG-322L b,7560.00
Kepler-819 b,722.00
KOI-1257 b,900.00
Kepler-199 c,
K2-33 b,
MXB 1658-298 b,
Kepler-98 b,
2MASS J12073346-3932539 b,52.40
Kepler-1425 b,499.00
TrES-5 b,360.00
HD 17156 b,75.00
Kepler-279 d,
Kepler-279 b,
Kepler-279 c,
CoRoT-10 b,345.00
Kepler-428 b,720.00
Kepler-1139 b,555.00
HD 28678 b,168.92
Kepler-355 b,
Kepler-768 b,795.00
Kepler-1503 b,850.00
HD 106252 b,37.40
OGLE-2008-BLG-355L b,6800.00
Kepler-480 b,806.00
Kepler-4 b,550.00
HD 47186 b,37.84
WASP-119 b,333.00
HAT-P-37 b,411.00
Kepler-1125 b,910.00
WASP-41 b,180.00
Kepler-660 b,564.00
K2-95 b,
Kepler-402 d,
Kepler-150 e,927.00
Kepler-971 b,345.00
HD 30669 b,57.10
WASP-55 b,330.00
Kepler-1624 b,199.00
Kepler-735 b,790.00
EPIC 220674823 c,
EPIC 220674823 b,
OGLE-TR-132 b,2500.00
Kepler-312 c,
HD 13189 b,300.30
K2-182 b,
Kepler-1592 b,1349.00
70 Vir b,18.11
Kepler-673 b,978.00
HR 8799 d,39.40
HR 8799 e,39.40
HR 8799 b,39.40
HR 8799 c,39.40
K2-9 b,
Kepler-351 c,
Kepler-351 b,
Kepler-446 c,120.00
Kepler-1469 b,1255.00
Kepler-28 c,
Kepler-28 b,
Kepler-351 d,
Kepler-41 b,770.00
Kepler-1586 b,864.00
HD 86950 b,169.00
HAT-P-5 b,340.00
KOI-13 b,
Kepler-867 b,824.00
HAT-P-21 b,254.00
Kepler-541 b,1020.00
Kepler-96 b,
HD 204941 b,26.95
Kepler-592 b,1034.00
Kepler-1043 b,838.00
Kepler-799 b,1029.00
Kepler-991 b,370.00
Kepler-1568 b,883.00
WASP-90 b,340.00
Kepler-1438 b,866.00
Kepler-341 d,
Kepler-341 e,
WASP-126 b,234.00
Kepler-341 b,
Kepler-341 c,
Kepler-207 d,
Kepler-207 c,
Kepler-207 b,
Kepler-366 b,
Kepler-1272 b,896.00
HD 8574 b,44.20
Kepler-508 b,325.00
Kepler-723 b,965.00
Kepler-1654 b,
Kepler-897 b,1147.00
Kepler-1226 b,779.00
Kepler-625 b,502.00
Kepler-1004 b,1080.00
HD 12484 b,51.10
Kepler-516 b,777.00
Kepler-124 d,
K2-185 b,
Kepler-186 b,172.00
Kepler-1098 b,876.00
Kepler-124 c,
Kepler-124 b,
Kepler-1599 b,1004.00
HD 158038 b,114.15
K2-206 b,
Kepler-1196 b,946.00
HIP 109384 b,56.20
HD 20794 b,6.06
HD 20794 c,6.06
HD 20794 d,6.06
HD 20794 e,6.06
Kepler-248 b,
Kepler-248 c,
Kepler-1212 b,1304.00
HD 100777 b,52.80
Pr0211 c,
WASP-68 b,
Kepler-1187 b,1029.00
Kepler-62 d,368.00
Kepler-186 e,172.00
Kepler-186 d,172.00
Kepler-186 f,172.00
Kepler-589 b,643.00
Kepler-271 b,
Kepler-186 c,172.00
HAT-P-28 b,395.00
Kepler-46 c,855.00
Kepler-1520 b,636.00
Kepler-227 c,
Kepler-227 b,
Kepler-373 c,
Kepler-373 b,
Kepler-56 b,
Kepler-46 d,855.00
KELT-20 b,139.70
HD 169830 b,36.32
HD 169830 c,36.32
Kepler-1561 b,993.00
WASP-151 b,
Kepler-162 b,
WASP-4 b,300.00
Ross 458 c,11.43
Kepler-1420 b,923.00
HD 12648 b,158.40
Kepler-983 b,655.00
Kepler-1600 b,992.00
Kepler-266 c,
Kepler-1002 b,425.00
Kepler-400 b,
Kepler-747 b,855.00
Kepler-496 b,655.00
Kepler-400 c,
Kepler-110 b,
Kepler-110 c,
K2-71 b,
Kepler-1140 b,657.00
K2-217 b,
WASP-39 b,230.00
Kepler-1101 b,897.00
Kepler-476 b,687.00
Kepler-1091 b,915.00
Kepler-1365 b,541.00
Kepler-1365 c,541.00
Kepler-785 b,666.00
Kepler-1465 b,350.00
Kepler-391 b,
Kepler-920 c,926.00
Kepler-920 b,926.00
HATS-34 b,532.00
Kepler-483 b,953.00
Kepler-1455 b,392.00
WASP-73 b,
tau Cet h,3.65
tau Cet g,3.65
Kepler-1638 b,879.00
K2-170 b,
Kepler-1188 b,1202.00
HD 145457 b,126.10
HD 87646 b,73.58
Kepler-1404 b,946.00
Kepler-1387 b,491.00
Kepler-108 c,
Kepler-108 b,
WASP-3 b,220.00
Kepler-1339 b,267.00
Kepler-724 b,862.00
HIP 12961 b,23.80
Kepler-578 b,568.00
WASP-105 b,
Kepler-324 c,
Kepler-324 b,
Kepler-1445 b,482.00
KELT-2 A b,124.22
WASP-106 b,283.00
HATS-24 b,510.00
Kepler-446 d,120.00
HD 73267 b,54.91
Kepler-1075 b,265.00
HD 168443 b,37.88
Kepler-293 b,
Kepler-446 b,120.00
Kepler-1117 b,619.00
Kepler-992 b,268.00
Kepler-825 c,820.00
Kepler-595 b,639.00
Kepler-1149 b,1023.00
HD 63765 b,32.62
Kepler-296 e,226.00
Kepler-296 d,226.00
Kepler-296 f,226.00
HD 106515 A b,36.36
Kepler-683 b,976.00
Kepler-296 c,226.00
Kepler-296 b,226.00
Kepler-255 b,
Kepler-255 c,
CoRoT-23 b,600.00
WASP-118 b,
Kepler-93 c,
Kepler-255 d,
HD 177565 b,17.17
Kepler-478 b,420.00
Kepler-1486 b,1465.00
Kepler-1649 b,
Oph 11 b,125.00
GJ 273 c,3.80
GJ 273 b,3.80
V0391 Peg b,1400.00
Kepler-953 c,240.00
Kepler-953 b,240.00
Kepler-137 c,
Kepler-137 b,
Kepler-193 b,
K2-110 b,
TrES-3 b,228.00
K2-183 d,
Kepler-498 b,746.00
K2-183 b,
K2-183 c,
Kepler-1593 b,755.00
HD 10647 b,17.35
Kepler-300 c,
Kepler-300 b,
Kepler-640 b,538.00
Kepler-1330 b,939.00
HD 68402 b,78.00
Kepler-447 b,
WASP-120 b,437.00
K2-14 b,
Kepler-807 b,1312.00
HD 34445 d,45.01
HD 34445 e,45.01
HD 34445 f,45.01
HD 34445 g,45.01
HD 153950 b,51.87
WASP-75 b,260.00
HD 34445 b,45.01
HD 34445 c,45.01
K2-180 b,
Kepler-1165 b,1081.00
WISEP J121756.91+162640.2 A b,10.10
Kepler-981 b,913.00
Kepler-1122 b,924.00
Kepler-290 c,
Kepler-267 d,
Kepler-174 d,
Kepler-174 b,
Kepler-174 c,
Kepler-267 c,
Kepler-267 b,
Kepler-869 b,957.00
HD 1461 c,23.44
Kepler-1063 b,365.00
WASP-133 b,547.00
Kepler-382 b,
tau Gem b,92.51
Kepler-1340 b,1421.00
Kepler-1250 b,1371.00
Kepler-1022 b,455.00
Kepler-26 b,
16 Cyg B b,21.41
Kepler-26 d,
Kepler-1538 b,1291.00
Kepler-418 b,
GJ 1148 b,11.03
HD 101930 b,30.50
Kepler-1206 b,807.00
TYC 4282-00605-1 b,700.00
HAT-P-17 c,90.00
HAT-P-17 b,90.00
K2-131 b,
K2-30 b,
Kepler-1314 b,462.00
Kepler-1311 b,705.00
OGLE-2017-BLG-0173L b,4705.00
Kepler-1447 b,871.00
K2-155 c,82.00
K2-155 b,82.00
OGLE-2005-BLG-169L b,4100.00
K2-155 d,82.00
Kepler-99 b,
Kepler-1178 b,336.00
Kepler-698 b,1135.00
Kepler-395 c,360.00
Kepler-395 b,360.00
WASP-1 b,408.00
Kepler-813 b,840.00
WASP-129 b,246.00
HAT-P-31 b,354.00
Kepler-816 b,1059.00
Kepler-198 b,
Kepler-198 c,
Kepler-198 d,
ups And b,13.47
HD 37124 b,33.24
Kepler-769 b,1362.00
Kepler-769 c,1362.00
Kepler-78 b,
K2-156 b,
Kepler-85 b,
Kepler-310 c,
Kepler-970 b,350.00
MOA-2009-BLG-266L b,3040.00
Kepler-727 b,892.00
Kepler-1554 b,982.00
Kepler-770 b,761.00
WASP-135 b,300.00
CoRoT-11 b,560.00
Kepler-276 b,
HD 85512 b,11.15
Kepler-276 d,
Kepler-770 d,761.00
81 Cet b,97.18
HIP 5158 b,44.80
HIP 5158 c,44.80
Kepler-350 b,
Kepler-350 c,
Kepler-846 b,1233.00
Kepler-350 d,
Kepler-734 b,553.00
Kepler-1581 b,443.00
HIP 41378 e,116.14
Kepler-823 b,896.00
Kepler-1235 b,533.00
Kepler-1124 b,177.00
HD 70642 b,28.76
WASP-76 b,120.00
Kepler-404 c,
HD 203030 b,40.85
BD+20 1790 b,25.40
Kepler-1545 b,688.00
2MASS J21402931+1625183 A b,25.00
Kepler-180 c,
Kepler-180 b,
Kepler-97 c,
Kepler-542 b,439.00
Kepler-1040 b,473.00
Kepler-1490 b,968.00
Kepler-40 b,2700.00
BD-11 4672 b,27.30
HD 65216 b,35.59
HD 65216 c,35.59
Kepler-251 c,
Kepler-304 e,
Kepler-866 b,690.00
HAT-P-22 b,82.00
Kepler-763 b,902.00
Kepler-1275 b,1280.00
Kepler-798 b,1085.00
Kepler-208 b,
HD 210702 b,55.93
HD 77338 b,41.27
HAT-P-6 b,261.00
Kepler-191 b,
Kepler-1519 b,858.00
Kepler-206 d,
Kepler-206 b,
Kepler-206 c,
Kepler-686 b,1203.00
K2-77 b,
OGLE-2012-BLG-0724L b,6700.00
Kepler-1005 b,515.00
Kepler-1468 b,1130.00
HD 106270 b,87.87
Kepler-509 b,339.00
GJ 3998 c,17.79
CoRoT-18 b,870.00
Kepler-119 c,
Kepler-119 b,
Kepler-853 b,610.00
Kepler-1617 b,813.00
Kepler-894 b,1090.00
Kepler-624 b,731.00
Kepler-1227 b,667.00
Kepler-665 b,651.00
WASP-31 b,360.00
K2-209 b,
GJ 687 b,4.53
HD 1666 b,110.62
Kepler-515 b,255.00
Kepler-125 b,
CoRoT-24 c,600.00
HD 45652 b,36.14
K2-168 b,
Kepler-1523 b,918.00
Kepler-226 c,
Kepler-226 d,
Kepler-372 c,
Kepler-57 c,
Kepler-57 b,
Kepler-1211 b,1486.00
Kepler-881 b,1364.00
HD 162020 b,31.26
Kepler-834 b,620.00
CoRoT-5 b,
WASP-10 b,90.00
HAT-P-9 b,480.00
K2-37 b,
Kepler-406 b,
HAT-P-29 b,322.00
Kepler-187 c,
Kepler-406 c,
Kepler-1601 b,660.00
PSR B1620-26 b,
KELT-21 b,415.00
HD 150706 b,27.23
Kepler-284 c,
HATS-10 b,496.00
Kepler-243 b,
GJ 3021 b,17.62
Kepler-722 c,1375.00
Kepler-219 b,
WASP-7 b,140.00
Kepler-1421 b,675.00
HD 160691 e,15.28
HD 147018 b,42.96
HD 147018 c,42.96
Kepler-354 d,
K2-214 b,
Kepler-259 b,
TYC 3667-1280-1 b,481.00
Kepler-259 c,
Kepler-333 c,
Kepler-333 b,
Kepler-964 b,478.00
Kepler-633 b,634.00
Kepler-47 b,1500.00
Kepler-466 c,436.00
HD 17674 b,44.50
Kepler-117 c,1430.00
Kepler-117 b,1430.00
Kepler-921 b,847.00
Kepler-565 b,1041.00
Kepler-482 b,290.00
HD 192310 c,8.82
CoRoT-29 b,765.00
Kepler-477 b,367.00
Kepler-1100 b,940.00
OGLE-2005-BLG-071L b,3200.00
HD 73256 b,36.52
Kepler-1640 b,1379.00
Kepler-1003 b,873.00
Kepler-503 b,888.00
Kepler-744 b,486.00
HD 143105 b,48.70
XO-2 S b,148.00
Kepler-1466 b,686.00
TCP J05074264+2447555 b,380.00
Kepler-956 b,631.00
Kepler-1405 b,1605.00
Kepler-1386 b,838.00
K2-57 b,
SWEEPS-11 b,8500.00
Kepler-139 c,
Kepler-139 b,
Kepler-419 b,
Kepler-419 c,
Kepler-1207 b,946.00
Kepler-905 b,521.00
Kepler-368 b,
Kepler-649 b,525.00
Kepler-1608 b,832.00
Kepler-109 b,
Kepler-109 c,
Kepler-56 c,
Kepler-1584 b,1325.00
Kepler-325 d,
Kepler-919 b,1219.00
Kepler-325 b,
Kepler-275 b,
K2-42 b,
HD 165155 b,64.98
HD 156279 b,35.37
Kepler-682 b,951.00
Kepler-266 b,
Kepler-297 b,
Kepler-297 c,
WASP-107 b,
Kepler-1256 b,862.00
HATS-25 b,466.00
HD 82943 b,27.46
HD 82943 c,27.46
Lupus-TR-3 b,2000.00
HD 85390 b,33.96
Kepler-1154 b,1531.00
Kepler-1154 c,1531.00
HD 156411 b,55.10
Kepler-1148 b,682.00
Kepler-742 b,499.00
Kepler-952 b,1167.00
Kepler-994 b,170.00
HD 98649 b,42.77
HATS-39 b,773.00
Kepler-562 b,822.00
CoRoT-22 b,592.00
Kepler-256 b,
Kepler-256 e,
Kepler-256 d,
Proxima Cen b,1.29
Kepler-1074 b,245.00
1RXS J160929.1-210524 b,145.00
Kepler-1487 b,1094.00
HAT-P-19 b,215.00
VHS J125601.92-125723.9 b,12.70
Kepler-301 b,
Kepler-301 c,
Kepler-301 d,
Kepler-1084 b,427.00
Kepler-136 b,
Kepler-136 c,
Kepler-308 c,
OGLE-2016-BLG-1195L b,3910.00
Kepler-1622 b,927.00
Kepler-733 b,980.00
K2-230 b,
OGLE-2011-BLG-0251L b,2570.00
HD 75784 b,68.70
HIP 65891 b,136.05
HD 108874 c,68.50
HD 108874 b,68.50
Kepler-1164 b,447.00
KELT-4 A b,210.00
K2-15 b,
Kepler-165 b,
Kepler-1331 b,365.00
Kepler-902 b,904.00
Kepler-1380 b,1209.00
Kepler-310 d,
K2-113 b,
Kepler-310 b,
K2-164 b,
HATS-17 b,339.00
Kepler-262 c,
OGLE-TR-182 b,
Kepler-392 b,
HD 117618 b,38.02
WASP-132 b,120.00
HIP 116454 b,55.20
Kepler-1343 b,1307.00
Kepler-1651 b,69.40
Kepler-868 b,1269.00
HD 42012 b,37.10
Kepler-776 b,727.00
Kepler-806 b,260.00
HAT-P-51 b,470.00
Kepler-537 b,465.00
HD 175541 b,127.55
K2-81 b,
Kepler-1441 b,751.00
Kepler-789 b,915.00
K2-130 b,
Kepler-1543 b,1114.00
Kepler-25 c,
Kepler-1023 b,686.00
Kepler-103 b,
Kepler-25 d,
Kepler-1539 b,788.00
Kepler-291 b,
Kepler-291 c,
Kepler-135 c,
Kepler-103 c,
Kepler-177 c,
Kepler-177 b,
Kepler-85 c,
HAT-P-16 b,235.00
Kepler-210 b,
Kepler-308 b,
Kepler-328 c,
Kepler-468 b,474.00
Kepler-1179 b,454.00
HD 40307 f,12.83
HD 40307 g,12.83
HD 40307 d,12.83
HD 73526 b,94.61
HD 40307 b,12.83
HD 40307 c,12.83
Kepler-249 b,
Kepler-484 b,377.00
Kepler-514 b,489.00
Kepler-757 b,1016.00
K2-154 b,133.00
K2-154 c,133.00
GJ 3470 b,25.20
Kepler-264 c,
Kepler-84 e,
Kepler-1352 b,637.00
HD 95127 b,332.00
Kepler-328 b,
Kepler-79 e,
K2-115 b,
Kepler-1501 b,888.00
Kepler-84 b,
Kepler-394 b,
Kepler-394 c,
HAT-P-25 b,297.00
KELT-19 A b,292.00
Kepler-1315 b,505.00
Kepler-817 b,1401.00
K2-31 b,
Kepler-1452 b,974.00
WASP-12 b,
HATS-18 b,645.00
2MASS J22362452+4751425 b,74.00
Kepler-83 c,
Kepler-84 d,
WASP-53 c,
WASP-53 b,
HD 196050 b,46.93
Kepler-973 b,297.00
Kepler-280 b,
Kepler-280 c,
Kepler-1051 b,1021.00
Kepler-277 c,
Kepler-79 d,
Kepler-171 c,
Kepler-171 b,
MOA-2010-BLG-117L b,3500.00
Kepler-84 c,
Kepler-1544 b,349.00
Kepler-353 c,
Kepler-353 b,
Kepler-1071 b,964.00
OGLE-2014-BLG-1760L b,6860.00
Kepler-6 b,
Kepler-615 b,330.00
Kepler-1234 b,866.00
Kepler-1127 b,996.00
Kepler-454 b,
K2-97 b,
Kepler-662 b,641.00
Kepler-1499 b,310.00
HIP 91258 b,44.46
HD 240237 b,307.69
HAT-P-23 b,393.00
Kepler-865 b,664.00
Kepler-181 b,
Kepler-181 c,
Kepler-543 b,212.00
K2-141 b,58.77
Kepler-590 b,986.00
Kepler-1041 b,979.00
CoRoT-28 b,560.00
Kepler-194 d,
Kepler-1107 b,457.00
Kepler-470 b,989.00
Kepler-1093 b,848.00
Kepler-1093 c,848.00
Kepler-759 b,892.00
HD 109271 c,56.92
HD 109271 b,56.92
Kepler-1274 b,609.00
MOA-2010-BLG-328L b,810.00
HAT-P-36 b,317.00
Kepler-194 b,
K2-38 b,
K2-38 c,
Kepler-190 b,
HAT-P-7 b,320.00
Kepler-989 b,484.00
V830 Tau b,150.00
GJ 3942 b,16.96
Kepler-1616 b,862.00
Kepler-895 b,516.00
Kepler-1224 b,578.00
Kepler-627 b,1143.00
Kepler-398 d,
Qatar-5 b,
WASP-96 b,
Kepler-435 b,2070.00
HATS-2 b,360.00
CoRoT-19 b,770.00
Kepler-1436 b,1142.00
Kepler-118 b,
Kepler-118 c,
Kepler-83 d,
Kepler-339 d,
Kepler-928 b,532.00
Kepler-1460 b,574.00
K2-208 b,
Kepler-679 b,968.00
Kepler-286 e,
Kepler-166 c,
Kepler-166 b,
HD 95089 b,149.03
Kepler-166 d,
Kepler-49 e,
Kepler-949 b,572.00
Kepler-221 e,
Kepler-1522 b,690.00
Kepler-221 c,
Kepler-221 b,
Kepler-371 c,
Kepler-371 b,
Kepler-563 b,557.00
Kepler-146 c,
Kepler-146 b,
Kepler-257 d,
42 Dra b,97.28
Kepler-1370 b,878.00
Kepler-1370 c,878.00
HD 80606 b,29.04
CoRoT-4 b,
HD 66428 b,55.04
MOA-2011-BLG-262L b,7000.00
Kepler-1422 b,2081.00
HD 86081 b,91.16
HAT-P-44 c,363.00
Kepler-407 c,
HAT-P-1 b,139.00
Kepler-1602 b,815.00
HAT-P-44 b,363.00
Kepler-1210 b,1155.00
Kepler-782 b,412.00
Kepler-460 c,
Kepler-912 b,1265.00
Kepler-567 b,568.00
kap And b,52.03
Kepler-116 b,
Kepler-116 c,
HIP 14810 b,52.88
HIP 14810 c,52.88
Kepler-705 b,251.00
K2-215 b,
Kepler-84 f,
TRAPPIST-1 e,12.10
Kepler-1563 b,547.00
HD 81688 b,88.26
Kepler-332 b,
Kepler-332 c,
Kepler-332 d,
Kepler-630 b,657.00
Kepler-1467 b,890.00
Kepler-926 b,771.00
HATS-36 b,962.00
Kepler-407 b,
Kepler-1641 c,961.00
Kepler-1641 b,961.00
Kepler-1000 b,925.00
HD 4113 b,44.05
Kepler-1208 b,877.00
Kepler-25 b,
HD 87883 b,18.06
K2-50 b,
Kepler-906 b,758.00
Kepler-878 b,567.00
Kepler-1402 b,681.00
KOI-351 h,780.00
KOI-351 i,780.00
Kepler-1024 b,1017.00
Kepler-1542 e,336.00
Kepler-1542 d,336.00
K2-80 c,
K2-80 b,
KOI-351 b,780.00
KOI-351 c,780.00
KOI-351 d,780.00
KOI-351 e,780.00
KOI-351 f,780.00
KOI-351 g,780.00
HD 564 b,53.60
HD 111998 b,32.73
Kepler-326 c,
Kepler-326 b,
Kepler-648 b,665.00
Kepler-1609 b,1483.00
Kepler-1389 b,521.00
Kepler-392 c,
Kepler-1219 b,622.00
HD 129445 b,67.61
HD 11506 c,51.70
HD 11506 b,51.70
Kepler-61 b,
Kepler-1583 b,357.00
K2-227 b,
Kepler-1155 b,987.00
Kepler-990 b,933.00
Kepler-199 b,
Kepler-708 b,1241.00
Kepler-636 b,341.00
Kepler-681 b,666.00
HD 175607 b,45.27
HD 121504 b,44.37
K2-139 b,152.00
Kepler-743 b,258.00
HD 192699 b,67.39
bet Cnc b,89.05
Kepler-171 d,
Kepler-951 b,408.00
Kepler-298 c,
Kepler-298 b,
Kepler-837 b,846.00
Kepler-298 d,
Kepler-531 b,254.00
Kepler-1073 b,837.00
Kepler-1073 c,837.00
K2-231 b,295.00
alf Ari b,20.21
K2-181 b,
Kepler-306 e,
Kepler-306 d,
Kepler-306 c,
Kepler-306 b,
Kepler-841 b,1052.00
Kepler-352 b,
Kepler-352 c,
MOA-2013-BLG-605L b,
Kepler-334 b,
Kepler-732 b,150.00
Kepler-1623 b,986.00
Kepler-933 b,922.00
HATS-16 b,774.00
2MASS J02192210-3925225 b,39.40
HD 23079 b,34.60
Kepler-1167 b,811.00
K2-190 b,
K2-190 c,
HIP 97233 b,106.50
Kepler-131 c,
Kepler-1195 b,812.00
Kepler-43 b,1950.00
K2-165 d,
K2-165 b,
K2-165 c,
Kepler-313 c,
Kepler-313 b,
Kepler-809 b,933.00
Kepler-1434 b,680.00
Kepler-236 c,
HD 192263 b,19.89
HD 44219 b,50.40
HD 12661 b,37.16
HD 12661 c,37.16
omi CrB b,84.03
HD 136418 b,106.38
Kepler-1332 b,515.00
HD 5319 c,114.00
HD 5319 b,114.00
K2-16 b,
K2-16 c,
HAT-P-50 b,497.00
Kepler-775 b,400.00
55 Cnc d,12.53
55 Cnc e,12.53
55 Cnc f,12.53
HAT-P-11 b,38.00
55 Cnc b,12.53
55 Cnc c,12.53
K2-137 b,
Kepler-262 b,
HD 3651 b,11.10
Kepler-50 b,
GJ 876 b,4.70
GJ 876 c,4.70
GJ 876 d,4.70
GJ 876 e,4.70
Kepler-176 d,
Kepler-176 e,
Kepler-292 c,
Kepler-292 b,
Kepler-292 e,
HD 33142 b,136.80
Kepler-176 b,
Kepler-176 c,
HD 219134 g,6.55
HD 219134 f,6.55
HD 69830 d,12.58
K2-157 b,
HD 69830 b,12.58
HD 219134 b,6.55
K2-188 c,
GJ 3293 d,15.77
Kepler-664 b,1386.00
Kepler-309 b,
Kepler-309 c,
Kepler-398 c,
HD 219134 h,6.55
HIP 109600 b,58.60
Kepler-729 b,1271.00
Kepler-487 c,835.00
Kepler-487 b,835.00
Kepler-513 b,467.00
Kepler-253 d,
Kepler-814 b,1327.00
WASP-13 b,155.00
HD 114386 b,28.04
Kepler-282 c,
K2-114 b,
BD+48 738 b,
Kepler-1500 b,904.00
Kepler-1176 b,1023.00
Kepler-467 b,458.00
HD 99492 b,55.70
K2-36 b,
K2-36 c,
Kepler-968 b,312.00
Kepler-1312 b,305.00
Kepler-1066 b,399.00
Kepler-1050 c,555.00
Kepler-1050 b,555.00
Kepler-274 c,
Kepler-274 b,
Kepler-253 b,
rho CrB b,17.24
Kepler-773 b,528.00
Kepler-253 c,
HD 131664 b,57.21
HATS-8 b,829.00
GU Psc b,48.00
Kepler-1237 b,1121.00
Kepler-1126 b,668.00
Kepler-68 b,135.00
Kepler-170 b,
Kepler-1374 b,1135.00
K2-98 b,
Ross 128 b,3.38
Kepler-972 b,1304.00
HIP 57274 d,25.87
HIP 57274 c,25.87
HD 97658 b,21.30
Kepler-901 b,241.00
Kepler-571 b,756.00
HD 213240 b,40.75
HD 154857 c,68.54
HD 154857 b,68.54
Kepler-1594 b,1100.00
Kepler-758 c,1353.00
CoRoT-27 b,
Kepler-1498 b,740.00
BD+15 2375 b,774.00
HAT-P-24 b,396.00
Kepler-770 c,761.00
Kepler-164 d,
HATS-31 b,872.00
Kepler-1468 c,1130.00
Kepler-1553 b,719.00
K2-140 b,340.24
Kepler-471 b,1373.00
Kepler-1106 b,1168.00
Kepler-1092 b,914.00
Kepler-197 e,
Kepler-197 d,
Kepler-197 c,
Kepler-197 b,
GSC 06214-00210 b,145.00
Kepler-218 c,
Kepler-218 b,
HD 178911 B b,47.00
Kepler-388 b,
Kepler-287 b,
Kepler-204 b,
Kepler-204 c,
K2-39 b,
Kepler-544 b,797.00
HD 92788 b,32.32
HAT-P-35 b,535.00
Kepler-1565 b,657.00
Kepler-1435 b,681.00
Kepler-338 c,
Kepler-338 d,
Kepler-338 e,
WASP-85 A b,
Kepler-1615 b,940.00
Kepler-892 b,640.00
Kepler-626 b,690.00
Kepler-1225 b,1241.00
Kepler-405 c,
Kepler-1277 b,606.00
ROXs 12 b,120.00
HD 155358 b,43.00
HD 155358 c,43.00
Kepler-39 b,1200.00
HATS-3 b,453.00
Kepler-436 c,618.00
Kepler-436 b,618.00
Kepler-167 b,330.00
Kepler-167 c,330.00
WASP-56 b,255.00
Kepler-205 c,
Kepler-167 d,330.00
Kepler-167 e,330.00
HD 4308 b,21.85
Kepler-929 b,820.00
Kepler-205 b,
Kepler-1239 b,2511.00
Kepler-618 b,1115.00
Kepler-405 b,
HD 7449 b,38.52
Kepler-348 c,
Qatar-4 b,
Kepler-223 b,
Kepler-1371 c,450.00
Kepler-1371 b,450.00
HD 205739 b,90.33
CoRoT-7 b,153.70
CoRoT-7 c,153.70
K2-146 b,86.00
Kepler-764 b,1013.00
Kepler-561 c,667.00
Kepler-950 b,1489.00
CoRoT-20 b,1230.00
Kepler-251 b,
Kepler-147 b,
Kepler-147 c,
Kepler-250 c,
Kepler-250 b,
Kepler-140 b,
Kepler-707 b,626.00
K2-47 b,
Kepler-911 b,567.00
Kepler-1419 b,1444.00
Kepler-1423 b,449.00
Kepler-1033 b,1425.00
Kepler-55 f,
Kepler-55 e,
HD 42618 b,23.50
Kepler-1525 b,396.00
Kepler-55 b,
HD 216437 b,26.52
Kepler-370 c,
Kepler-1217 b,1363.00
HD 35759 b,72.50
Kepler-331 c,
Kepler-331 b,
HD 82886 b,112.23
Kepler-331 d,
HD 83443 b,43.53
Kepler-430 c,
Kepler-430 b,
Kepler-1285 b,364.00
Kepler-115 c,
Kepler-115 b,
WASP-62 b,160.00
eps Tau b,47.53
Kepler-494 b,862.00
Kepler-1603 b,1751.00
HD 330075 b,50.20
Kepler-1562 b,1315.00
Kepler-1642 b,447.00
Kepler-1001 b,1009.00
Kepler-499 b,523.00
OGLE-TR-10 b,
Kepler-1299 b,1352.00
Kepler-678 b,875.00
K2-212 b,
Qatar-2 b,
Kepler-1494 b,1059.00
HD 220074 b,289.02
Kepler-149 d,
Kepler-149 b,
Kepler-149 c,
Kepler-1201 b,1202.00
Kepler-1209 b,558.00
Kepler-1491 b,1312.00
Kepler-907 b,352.00
HD 209458 b,47.08
Kepler-849 b,747.00
K2-87 b,
Kepler-1416 b,807.00
Kepler-1541 b,414.00
OGLE-2012-BLG-0026L b,4019.00
Kepler-1025 b,716.00
Kepler-609 b,1143.00
K2-226 b,
Kepler-1582 b,112.00
Kepler-315 c,
Kepler-315 b,
OGLE-2013-BLG-0341L B b,1161.00
CT Cha b,165.00
Kepler-327 b,
Kepler-327 c,
Kepler-879 b,772.00
Kepler-229 d,
Kepler-229 c,
Kepler-229 b,
Kepler-1388 c,492.00
Kepler-1388 b,492.00
Kepler-1039 b,324.00
Kepler-1218 b,667.00
HD 148156 b,53.05
Kepler-1388 d,492.00
Kepler-1334 b,1047.00
HD 217786 b,54.80
Kepler-48 d,
Kepler-65 c,
Kepler-1156 b,759.00
HD 50499 b,47.26
ome Ser b,80.64
Kepler-997 b,470.00
Kepler-709 b,668.00
Kepler-402 e,
Kepler-925 b,623.00
Kepler-674 b,302.00
Kepler-561 b,667.00
Kepler-530 b,464.00
bet Pic b,19.28
Kepler-847 b,529.00
Kepler-1072 b,976.00
K2-138 d,183.00
K2-138 e,183.00
K2-138 f,183.00
Kepler-1485 b,550.00
K2-138 b,183.00
K2-138 c,183.00
Kepler-637 b,1575.00
Kepler-1325 b,955.00
GJ 1214 b,12.95
Kepler-680 b,1342.00
Kepler-299 b,
Kepler-299 c,
Kepler-830 b,1122.00
Kepler-299 d,
Kepler-299 e,
Kepler-372 d,
Kepler-1620 b,773.00
Kepler-731 b,1311.00
K2-186 b,
HD 86264 b,72.57
K2-232 b,129.97
WASP-74 b,120.00
Kepler-59 c,
Kepler-1010 b,610.00
Kepler-30 d,1400.00
Kepler-1392 b,1117.00
OGLE-2007-BLG-349L AB c,2760.00
Kepler-355 c,
Kepler-339 c,
Kepler-30 b,1400.00
Kepler-30 c,1400.00
Kepler-1382 b,730.00
Kepler-312 b,
K2-166 b,
HATS-15 b,689.00
HD 173416 b,134.95
Pr0211 b,
POTS-1 b,1200.00
MOA-2012-BLG-505L b,7210.00
K2-58 d,
Kepler-570 b,642.00
Kepler-130 d,
K2-193 b,
Kepler-130 b,
Kepler-130 c,
K2-58 b,
K2-58 c,
HAT-P-53 b,719.00
Kepler-774 b,1190.00
Kepler-808 b,321.00
Kepler-998 b,996.00
K2-25 b,
K2-17 b,
Kepler-520 c,492.00
Kepler-1166 b,648.00
Kepler-1309 b,845.00
gam 1 Leo b,38.52
HIP 79431 b,14.90
Kepler-1333 b,958.00
HD 180314 b,131.75
Kepler-293 c,
Kepler-402 b,
Kepler-268 b,
Kepler-268 c,
HD 145934 b,
HD 285507 b,42.43
Kepler-486 b,428.00
Kepler-402 c,
Kepler-512 b,531.00
Kepler-751 b,748.00
HD 37124 c,33.24
Kepler-1094 b,1371.00
HD 212301 b,52.72
Kepler-292 d,
K2-189 b,
K2-189 c,
Kepler-336 b,
Kepler-980 b,804.00
Kepler-1462 b,1368.00
HD 166724 b,42.99
Kepler-1313 b,187.00
PH1 b,1000.00
HAT-P-49 b,322.00
K2-37 d,
Kepler-815 b,1199.00
K2-37 c,
HAT-P-33 b,387.00
Kepler-934 b,603.00
WASP-59 b,125.00
Kepler-466 b,436.00
Kepler-1177 b,829.00
Kepler-1271 b,885.00
HATS-9 b,622.00
Kepler-292 f,
Kepler-1053 b,171.00
Kepler-275 c,
HD 19994 b,22.38
Kepler-553 c,725.00
Kepler-553 b,725.00
HD 72892 b,72.78
Kepler-957 b,749.00
K2-99 b,
WASP-136 b,164.00
HD 30856 b,121.07
Kepler-1418 b,499.00
Kepler-889 b,513.00
Kepler-617 b,150.00
Kepler-1236 b,1078.00
Kepler-1121 b,529.00
Kepler-452 b,
51 Peg b,15.36
HD 187085 b,44.98
HD 155233 b,75.13
Kepler-632 b,349.00
Kepler-619 b,1111.00
OGLE-2016-BLG-0613L AB b,3410.00
Kepler-975 b,404.00
Kepler-619 c,1111.00
HD 175167 b,67.02
K2-141 c,58.77
HIP 105854 b,84.60
Kepler-37 e,66.00
Kepler-1105 b,369.00
Kepler-472 b,302.00
CoRoT-9 b,460.00
CoRoT-26 b,1670.00
Kepler-42 b,38.70
Kepler-286 d,
Kepler-1298 b,498.00
Kepler-286 b,
Kepler-286 c,
HATS-30 b,339.00
HAT-P-34 b,257.00
HD 207832 c,55.31
HD 207832 b,55.31
Kepler-424 c,
Kepler-196 b,
Kepler-196 c,
K2-108 b,
Kepler-379 c,
Kepler-379 b,
Kepler-247 c,
Kepler-247 b,
Kepler-545 b,831.00
Kepler-54 d,
Kepler-247 d,
Kepler-221 d,
Kepler-437 b,417.00
Kepler-1564 b,872.00
HD 117207 b,33.01
OGLE-2013-BLG-0102L b,3040.00
CoRoT-14 b,1340.00
Kepler-1514 b,379.00
Kepler-219 c,
Kepler-389 b,
Kepler-389 c,
Kepler-219 d,
Kepler-1266 b,901.00
Kepler-968 c,312.00
Kepler-1276 b,587.00
Kepler-1507 b,342.00
Kepler-1008 b,299.00
Kepler-1546 b,994.00
HIP 8541 b,168.63
Kepler-164 c,
Kepler-164 b,
MOA-2016-BLG-227L b,6500.00
HD 2952 b,115.21
HD 141399 b,36.20
HD 141399 c,36.20
Kepler-1614 b,982.00
Kepler-92 d,
HD 141399 d,36.20
HD 141399 e,36.20
Qatar-3 b,
Kepler-1358 b,558.00
DH Tau b,140.00
Kepler-224 b,
Kepler-348 b,
Kepler-251 d,
Kepler-251 e,
Kepler-140 c,
HD 90156 b,22.09
WASP-94 B b,180.00
Kepler-1372 b,1161.00
Kepler-316 b,
CoRoT-6 b,
K2-88 b,
Kepler-1482 b,442.00
HD 102329 b,138.50
HD 181342 b,110.62
KELT-9 b,188.70
Kepler-1216 b,1124.00
Kepler-1029 b,422.00
Kepler-910 b,402.00
Kepler-277 b,
Kepler-475 b,280.00
K2-147 b,88.00
Kepler-585 b,604.00
Kepler-1032 b,607.00
Kepler-52 b,
GJ 536 b,10.03
Kepler-52 d,
Kepler-1524 b,506.00
HD 39091 b,18.21
WASP-34 b,120.00
KELT-18 b,311.00
Kepler-330 b,
Kepler-330 c,
WASP-6 b,
Kepler-210 c,
HD 95086 b,91.57
WASP-61 b,480.00
K2-46 b,
WASP-8 b,87.00
WASP-8 c,87.00
HATS-40 b,1431.00
HD 27442 b,18.24
PSR B1257+12 d,600.00
Kepler-712 b,944.00
Kepler-1643 b,414.00
Kepler-1006 b,496.00
Kepler-114 d,
Kepler-431 c,
MOA-2007-BLG-192L b,1000.00
Kepler-114 b,
Kepler-114 c,
K2-213 b,
Kepler-625 c,502.00
Kepler-1459 b,435.00
Kepler-777 b,383.00
